번호,사업명,권역,연도,월,주차,수거일,지역1,지역2,환경,방법,종,개체수,채집기간,Index,실험개체수,Pool No.,양성 Pools,비고,확정,확정일자,입력일자,입력자(아이디),조사년도,조사월,조사주
1,기후변화매개체감시거점센터,강원1권,2026,6,4주,2026-06-24,강원,춘천시보건소,도심,DMS1,Anopheles spp.,2,2,1,0,0,0,"88, 55, 160 %",N,,2026-06-26,최연희(chldusgmlek),2026년,06월,4주
2,기후변화매개체감시거점센터,강원1권,2026,6,4주,2026-06-24,강원,춘천시보건소,도심,DMS1,Ochlerotatus koreicus,1,2,0,1,1,0,"88, 55, 160 %",N,,2026-06-26,최연희(chldusgmlek),2026년,06월,4주
3,기후변화매개체감시거점센터,강원1권,2026,6,4주,2026-06-24,강원,춘천시보건소,도심,DMS1,Aedes albopictus,1,2,0,1,1,0,"88, 55, 160 %",N,,2026-06-26,최연희(chldusgmlek),2026년,06월,4주
4,기후변화매개체감시거점센터,강원1권,2026,6,4주,2026-06-24,강원,춘천시보건소,도심,DMS1,Culex pipiens,86,2,43,86,3,0,"88, 55, 160 %",N,,2026-06-26,최연희(chldusgmlek),2026년,06월,4주
5,기후변화매개체감시거점센터,강원1권,2026,6,3주,2026-06-17,강원,춘천시보건소,도심,DMS1,Ochlerotatus koreicus,3,2,1,3,1,0,"112, 118, 94.92 %",N,,2026-06-19,최연희(chldusgmlek),2026년,06월,3주
6,기후변화매개체감시거점센터,강원1권,2026,6,3주,2026-06-17,강원,춘천시보건소,도심,DMS1,Aedes albopictus,5,2,2,5,1,0,"112, 118, 94.92 %",N,,2026-06-19,최연희(chldusgmlek),2026년,06월,3주
7,기후변화매개체감시거점센터,강원1권,2026,6,3주,2026-06-17,강원,춘천시보건소,도심,DMS1,Culex pipiens,104,2,52,104,4,0,"112, 118, 94.92 %",N,,2026-06-19,최연희(chldusgmlek),2026년,06월,3주
8,기후변화매개체감시거점센터,강원1권,2026,6,3주,2026-06-16,강원,백로서식지,철새도래지,BGT1,Culex pipiens,1,1,1,1,1,0,,N,,2026-06-19,최연희(chldusgmlek),2026년,06월,3주
9,기후변화매개체감시거점센터,강원1권,2026,6,3주,2026-06-16,강원,백로서식지,철새도래지,BGT1,Culex orientalis,1,1,1,1,1,0,,N,,2026-06-19,최연희(chldusgmlek),2026년,06월,3주
10,기후변화매개체감시거점센터,강원1권,2026,6,3주,2026-06-16,강원,백로서식지,철새도래지,BGT1,Armigeres subalbatus,3,1,3,3,1,0,,N,,2026-06-19,최연희(chldusgmlek),2026년,06월,3주
11,기후변화매개체감시거점센터,강원1권,2026,6,3주,2026-06-16,강원,백로서식지,철새도래지,BGT1,Ochlerotatus koreicus,2,1,2,2,1,0,,N,,2026-06-19,최연희(chldusgmlek),2026년,06월,3주
12,기후변화매개체감시거점센터,강원1권,2026,6,3주,2026-06-16,강원,백로서식지,철새도래지,BGT1,Aedes albopictus,2,1,2,2,1,0,,N,,2026-06-19,최연희(chldusgmlek),2026년,06월,3주
13,기후변화매개체감시거점센터,강원1권,2026,6,3주,2026-06-16,강원,주택,철새도래지,LED2,Ochlerotatus koreicus,1,1,1,1,1,0,,N,,2026-06-19,최연희(chldusgmlek),2026년,06월,3주
14,기후변화매개체감시거점센터,강원1권,2026,6,3주,2026-06-16,강원,종가오리,철새도래지,LED1,Ochlerotatus koreicus,1,1,1,1,1,0,,N,,2026-06-19,최연희(chldusgmlek),2026년,06월,3주
15,기후변화매개체감시거점센터,강원1권,2026,6,2주,2026-06-10,강원,춘천시보건소,도심,DMS1,Ochlerotatus koreicus,1,2,0,1,1,0,"70, 49, 142.86 %",N,,2026-06-19,최연희(chldusgmlek),2026년,06월,2주
16,기후변화매개체감시거점센터,강원1권,2026,6,2주,2026-06-10,강원,춘천시보건소,도심,DMS1,Aedes albopictus,2,2,1,2,1,0,"70, 49, 142.86 %",N,,2026-06-19,최연희(chldusgmlek),2026년,06월,2주
17,기후변화매개체감시거점센터,강원1권,2026,6,2주,2026-06-10,강원,춘천시보건소,도심,DMS1,Culex pipiens,67,2,33,67,3,0,"70, 49, 142.86 %",N,,2026-06-19,최연희(chldusgmlek),2026년,06월,2주
18,기후변화매개체감시거점센터,강원1권,2026,5,3주,2026-05-19,강원,백로서식지,철새도래지,BGT1,Armigeres subalbatus,1,1,1,1,1,0,,N,,2026-06-19,최연희(chldusgmlek),2026년,05월,3주
19,기후변화매개체감시거점센터,강원1권,2026,5,3주,2026-05-19,강원,백로서식지,철새도래지,BGT1,Aedes albopictus,1,1,1,1,1,0,누락분으로 추가 입력,N,,2026-06-19,최연희(chldusgmlek),2026년,05월,3주
20,기후변화매개체감시거점센터,강원1권,2026,6,1주,2026-06-02,강원,백로서식지,철새도래지,BGT1,Armigeres subalbatus,1,1,1,1,1,0,,N,,2026-06-19,최연희(chldusgmlek),2026년,06월,1주
21,기후변화매개체감시거점센터,강원1권,2026,6,1주,2026-06-02,강원,백로서식지,철새도래지,BGT1,Ochlerotatus koreicus,1,1,1,1,1,0,,N,,2026-06-19,최연희(chldusgmlek),2026년,06월,1주
22,기후변화매개체감시거점센터,강원1권,2026,6,1주,2026-06-02,강원,백로서식지,철새도래지,BGT1,Aedes albopictus,3,1,3,3,1,0,,N,,2026-06-19,최연희(chldusgmlek),2026년,06월,1주
23,기후변화매개체감시거점센터,강원1권,2026,6,1주,2026-06-02,강원,주택,철새도래지,LED2,미채집,0,1,0,0,0,0,,N,,2026-06-19,최연희(chldusgmlek),2026년,06월,1주
24,기후변화매개체감시거점센터,강원1권,2026,6,1주,2026-06-02,강원,종가오리,철새도래지,LED1,미채집,0,1,0,0,0,0,,N,,2026-06-19,최연희(chldusgmlek),2026년,06월,1주
25,기후변화매개체감시거점센터,강원1권,2026,6,1주,2026-06-04,강원,춘천시보건소,도심,DMS1,Aedes albopictus,1,2,0,1,1,0,"38, 38, 100 %",N,,2026-06-19,최연희(chldusgmlek),2026년,06월,1주
26,기후변화매개체감시거점센터,강원1권,2026,6,1주,2026-06-04,강원,춘천시보건소,도심,DMS1,Culex pipiens,37,2,18,37,2,0,"38, 38, 100 %",N,,2026-06-19,최연희(chldusgmlek),2026년,06월,1주
27,기후변화매개체감시거점센터,강원1권,2026,5,4주,2026-05-28,강원,춘천시보건소,도심,DMS1,Aedes vexans,2,2,1,2,1,0,"26, 31, 83.87 %",N,,2026-05-28,오유경(yuyu66),2026년,05월,4주
28,기후변화매개체감시거점센터,강원1권,2026,5,4주,2026-05-28,강원,춘천시보건소,도심,DMS1,Culex pipiens,24,2,12,24,1,0,"26, 31, 83.87 %",N,,2026-05-28,오유경(yuyu66),2026년,05월,4주
29,기후변화매개체감시거점센터,강원1권,2026,5,3주,2026-05-19,강원,백로서식지,철새도래지,BGT1,Ochlerotatus koreicus,1,1,1,1,1,0,,N,,2026-05-22,오유경(yuyu66),2026년,05월,3주
30,기후변화매개체감시거점센터,강원1권,2026,5,3주,2026-05-19,강원,백로서식지,철새도래지,BGT1,Culex pipiens,2,1,2,2,1,0,,N,,2026-05-22,오유경(yuyu66),2026년,05월,3주
31,기후변화매개체감시거점센터,강원1권,2026,5,3주,2026-05-19,강원,주택,철새도래지,LED2,Ochlerotatus koreicus,1,1,1,1,1,0,,N,,2026-05-22,오유경(yuyu66),2026년,05월,3주
32,기후변화매개체감시거점센터,강원1권,2026,5,3주,2026-05-19,강원,주택,철새도래지,LED2,Culex pipiens,1,1,1,1,1,0,,N,,2026-05-22,오유경(yuyu66),2026년,05월,3주
33,기후변화매개체감시거점센터,강원1권,2026,5,3주,2026-05-19,강원,종가오리,철새도래지,LED1,Aedes vexans,1,1,1,1,1,0,,N,,2026-05-22,오유경(yuyu66),2026년,05월,3주
34,기후변화매개체감시거점센터,강원1권,2026,5,3주,2026-05-19,강원,종가오리,철새도래지,LED1,Culex pipiens,1,1,1,1,1,0,,N,,2026-05-22,오유경(yuyu66),2026년,05월,3주
35,기후변화매개체감시거점센터,강원1권,2026,5,3주,2026-05-20,강원,춘천시보건소,도심,DMS1,Ochlerotatus koreicus,1,2,0,1,1,0,"21, 43, 48.84 %",N,,2026-05-22,오유경(yuyu66),2026년,05월,3주
36,기후변화매개체감시거점센터,강원1권,2026,5,3주,2026-05-20,강원,춘천시보건소,도심,DMS1,Culex pipiens,20,2,10,20,1,0,"21, 43, 48.84 %",N,,2026-05-22,오유경(yuyu66),2026년,05월,3주
37,기후변화매개체감시거점센터,강원1권,2026,5,2주,2026-05-13,강원,춘천시보건소,도심,DMS1,Ochlerotatus koreicus,1,2,0,1,1,0,통신 장애로 개체수 집계 누락,N,,2026-05-14,오유경(yuyu66),2026년,05월,2주
38,기후변화매개체감시거점센터,강원1권,2026,5,2주,2026-05-13,강원,춘천시보건소,도심,DMS1,Culex pipiens,2,2,1,2,1,0,통신 장애로 개체수 집계 누락,N,,2026-05-14,오유경(yuyu66),2026년,05월,2주
39,기후변화매개체감시거점센터,강원1권,2026,5,1주,2026-05-07,강원,백로서식지,철새도래지,BGT1,Ochlerotatus koreicus,3,1,3,3,1,0,,N,,2026-05-08,오유경(yuyu66),2026년,05월,1주
40,기후변화매개체감시거점센터,강원1권,2026,5,1주,2026-05-07,강원,주택,철새도래지,LED2,Culex pipiens,2,1,2,2,1,0,,N,,2026-05-08,오유경(yuyu66),2026년,05월,1주
41,기후변화매개체감시거점센터,강원1권,2026,5,1주,2026-05-07,강원,종가오리,철새도래지,LED1,Culex pipiens,8,1,8,8,1,0,,N,,2026-05-08,오유경(yuyu66),2026년,05월,1주
42,기후변화매개체감시거점센터,강원1권,2026,5,1주,2026-05-06,강원,춘천시보건소,도심,DMS1,Culex pipiens,4,2,2,4,1,0,통신 장애로 개체수 집계 누락,N,,2026-05-08,오유경(yuyu66),2026년,05월,1주
43,기후변화매개체감시거점센터,강원1권,2026,4,2주,2026-04-14,강원,백로서식지,철새도래지,BGT1,Culex pipiens,1,1,1,1,1,0,,N,,2026-04-16,오유경(yuyu66),2026년,04월,2주
44,기후변화매개체감시거점센터,강원1권,2026,4,2주,2026-04-14,강원,주택,철새도래지,LED2,미채집,0,1,0,0,0,0,,N,,2026-04-16,오유경(yuyu66),2026년,04월,2주
45,기후변화매개체감시거점센터,강원1권,2026,4,2주,2026-04-14,강원,종가오리,철새도래지,LED1,Culex pipiens,3,1,3,3,1,0,,N,,2026-04-16,오유경(yuyu66),2026년,04월,2주
46,기후변화매개체감시거점센터,강원1권,2026,4,2주,2026-04-14,강원,종가오리,철새도래지,LED1,Culex orientalis,3,1,3,3,1,0,,N,,2026-04-16,오유경(yuyu66),2026년,04월,2주
47,기후변화매개체감시거점센터,강원1권,2026,3,4주,2026-03-31,강원,백로서식지,철새도래지,BGT1,미채집,0,1,0,0,0,0,,N,,2026-04-03,오유경(yuyu66),2026년,03월,4주
48,기후변화매개체감시거점센터,강원1권,2026,3,4주,2026-03-31,강원,주택,철새도래지,LED2,미채집,0,1,0,0,0,0,,N,,2026-04-03,오유경(yuyu66),2026년,03월,4주
49,기후변화매개체감시거점센터,강원1권,2026,3,4주,2026-03-31,강원,종가오리,철새도래지,LED1,미채집,0,1,0,0,0,0,,N,,2026-04-03,오유경(yuyu66),2026년,03월,4주
50,기후변화매개체감시거점센터,강원1권,2025,10,4주,2025-10-29,강원,춘천시보건소,도심,DMS1,미채집,0,2,0,0,0,0,"0, 2, 00.00 %",N,,2025-10-30,오유경(yuyu66),2025년,10월,4주
51,기후변화매개체감시거점센터,강원1권,2025,10,3주,2025-10-15,강원,백로서식지,철새도래지,BGT1,Tripteroides bambusa,1,1,1,1,1,0,,N,,2025-10-28,오유경(yuyu66),2025년,10월,3주
52,기후변화매개체감시거점센터,강원1권,2025,10,3주,2025-10-15,강원,백로서식지,철새도래지,BGT1,Armigeres subalbatus,22,1,22,22,1,0,,N,,2025-10-28,오유경(yuyu66),2025년,10월,3주
53,기후변화매개체감시거점센터,강원1권,2025,10,3주,2025-10-15,강원,백로서식지,철새도래지,BGT1,Ochlerotatus koreicus,7,1,7,7,1,0,,N,,2025-10-28,오유경(yuyu66),2025년,10월,3주
54,기후변화매개체감시거점센터,강원1권,2025,10,3주,2025-10-15,강원,백로서식지,철새도래지,BGT1,Aedes albopictus,6,1,6,6,1,0,,N,,2025-10-28,오유경(yuyu66),2025년,10월,3주
55,기후변화매개체감시거점센터,강원1권,2025,10,3주,2025-10-15,강원,주택,철새도래지,LED2,Ochlerotatus koreicus,10,1,10,10,1,0,,N,,2025-10-28,오유경(yuyu66),2025년,10월,3주
56,기후변화매개체감시거점센터,강원1권,2025,10,3주,2025-10-15,강원,주택,철새도래지,LED2,Aedes albopictus,1,1,1,1,1,0,,N,,2025-10-28,오유경(yuyu66),2025년,10월,3주
57,기후변화매개체감시거점센터,강원1권,2025,10,3주,2025-10-15,강원,종가오리,철새도래지,LED1,Ochlerotatus koreicus,1,1,1,1,1,0,,N,,2025-10-28,오유경(yuyu66),2025년,10월,3주
58,기후변화매개체감시거점센터,강원1권,2025,10,3주,2025-10-15,강원,종가오리,철새도래지,LED1,Aedes albopictus,1,1,1,1,1,0,,N,,2025-10-28,오유경(yuyu66),2025년,10월,3주
59,기후변화매개체감시거점센터,강원1권,2025,10,3주,2025-10-15,강원,삼천동,도심,BGT1,Armigeres subalbatus,5,1,5,5,1,0,,N,,2025-10-28,오유경(yuyu66),2025년,10월,3주
60,기후변화매개체감시거점센터,강원1권,2025,10,3주,2025-10-15,강원,삼천동,도심,BGT1,Aedes albopictus,5,1,5,5,1,0,,N,,2025-10-28,오유경(yuyu66),2025년,10월,3주
61,기후변화매개체감시거점센터,강원1권,2025,10,3주,2025-10-15,강원,퇴계동주민센터,도심,LED2,Ochlerotatus koreicus,2,1,2,2,1,0,,N,,2025-10-28,오유경(yuyu66),2025년,10월,3주
62,기후변화매개체감시거점센터,강원1권,2025,10,3주,2025-10-15,강원,퇴계동주민센터,도심,LED2,Aedes albopictus,3,1,3,3,1,0,,N,,2025-10-28,오유경(yuyu66),2025년,10월,3주
63,기후변화매개체감시거점센터,강원1권,2025,10,3주,2025-10-15,강원,퇴계동주민센터,도심,LED2,Culex tritaeniorhynchus,2,1,2,2,1,0,,N,,2025-10-28,오유경(yuyu66),2025년,10월,3주
64,기후변화매개체감시거점센터,강원1권,2025,10,3주,2025-10-15,강원,퇴계동주민센터,도심,LED2,Culex pipiens,18,1,18,18,1,0,,N,,2025-10-28,오유경(yuyu66),2025년,10월,3주
65,기후변화매개체감시거점센터,강원1권,2025,10,3주,2025-10-15,강원,춘천시보건소,도심,LED1,Armigeres subalbatus,3,1,3,3,1,0,,N,,2025-10-28,오유경(yuyu66),2025년,10월,3주
66,기후변화매개체감시거점센터,강원1권,2025,10,3주,2025-10-15,강원,춘천시보건소,도심,LED1,Ochlerotatus koreicus,3,1,3,3,1,0,,N,,2025-10-28,오유경(yuyu66),2025년,10월,3주
67,기후변화매개체감시거점센터,강원1권,2025,10,3주,2025-10-15,강원,춘천시보건소,도심,LED1,Culex pipiens,9,1,9,9,1,0,,N,,2025-10-28,오유경(yuyu66),2025년,10월,3주
68,기후변화매개체감시거점센터,강원1권,2025,10,4주,2025-10-22,강원,춘천시보건소,도심,DMS1,Culex pipiens,4,2,2,4,1,0,"4, 8, 50.00 %",N,,2025-10-28,오유경(yuyu66),2025년,10월,4주
69,기후변화매개체감시거점센터,강원1권,2025,10,3주,2025-10-15,강원,춘천시보건소,도심,DMS1,Aedes albopictus,1,2,0,1,1,0,"9, 11, 81.82 %",N,,2025-10-28,오유경(yuyu66),2025년,10월,3주
70,기후변화매개체감시거점센터,강원1권,2025,10,3주,2025-10-15,강원,춘천시보건소,도심,DMS1,Culex pipiens,8,2,4,8,1,0,"9, 11, 81.82 %",N,,2025-10-28,오유경(yuyu66),2025년,10월,3주
71,기후변화매개체감시거점센터,강원1권,2025,10,1주,2025-10-01,강원,춘천시보건소,도심,DMS1,Aedes albopictus,2,2,1,2,1,0,"10, 14, 71.43 %",N,,2025-10-28,오유경(yuyu66),2025년,10월,1주
72,기후변화매개체감시거점센터,강원1권,2025,10,1주,2025-10-01,강원,춘천시보건소,도심,DMS1,Culex pipiens,8,2,4,8,1,0,"10, 14, 71.43 %",N,,2025-10-28,오유경(yuyu66),2025년,10월,1주
73,기후변화매개체감시거점센터,강원1권,2025,9,4주,2025-09-24,강원,춘천시보건소,도심,DMS1,Ochlerotatus koreicus,2,2,1,2,1,0,"35, 20, 175.00 %",N,,2025-09-26,오유경(yuyu66),2025년,09월,4주
74,기후변화매개체감시거점센터,강원1권,2025,9,4주,2025-09-24,강원,춘천시보건소,도심,DMS1,Culex pipiens,33,2,16,33,2,0,"35, 20, 175.00 %",N,,2025-09-26,오유경(yuyu66),2025년,09월,4주
75,기후변화매개체감시거점센터,강원1권,2025,9,3주,2025-09-16,강원,백로서식지,철새도래지,BGT1,Tripteroides bambusa,5,1,5,5,1,0,,N,,2025-09-19,오유경(yuyu66),2025년,09월,3주
76,기후변화매개체감시거점센터,강원1권,2025,9,3주,2025-09-16,강원,백로서식지,철새도래지,BGT1,Armigeres subalbatus,26,1,26,26,1,0,,N,,2025-09-19,오유경(yuyu66),2025년,09월,3주
77,기후변화매개체감시거점센터,강원1권,2025,9,3주,2025-09-16,강원,백로서식지,철새도래지,BGT1,Ochlerotatus koreicus,10,1,10,10,1,0,,N,,2025-09-19,오유경(yuyu66),2025년,09월,3주
78,기후변화매개체감시거점센터,강원1권,2025,9,3주,2025-09-16,강원,백로서식지,철새도래지,BGT1,Aedes albopictus,46,1,46,46,2,0,,N,,2025-09-19,오유경(yuyu66),2025년,09월,3주
79,기후변화매개체감시거점센터,강원1권,2025,9,3주,2025-09-16,강원,주택,철새도래지,LED2,Armigeres subalbatus,5,1,5,5,1,0,,N,,2025-09-19,오유경(yuyu66),2025년,09월,3주
80,기후변화매개체감시거점센터,강원1권,2025,9,3주,2025-09-16,강원,주택,철새도래지,LED2,Ochlerotatus koreicus,1,1,1,1,1,0,,N,,2025-09-19,오유경(yuyu66),2025년,09월,3주
81,기후변화매개체감시거점센터,강원1권,2025,9,3주,2025-09-16,강원,주택,철새도래지,LED2,Aedes vexans,1,1,1,1,1,0,,N,,2025-09-19,오유경(yuyu66),2025년,09월,3주
82,기후변화매개체감시거점센터,강원1권,2025,9,3주,2025-09-16,강원,주택,철새도래지,LED2,Aedes albopictus,11,1,11,11,1,0,,N,,2025-09-19,오유경(yuyu66),2025년,09월,3주
83,기후변화매개체감시거점센터,강원1권,2025,9,3주,2025-09-16,강원,주택,철새도래지,LED2,Anopheles spp.,1,1,1,0,0,0,,N,,2025-09-19,오유경(yuyu66),2025년,09월,3주
84,기후변화매개체감시거점센터,강원1권,2025,9,3주,2025-09-16,강원,종가오리,철새도래지,LED1,Aedes albopictus,1,1,1,1,1,0,,N,,2025-09-19,오유경(yuyu66),2025년,09월,3주
85,기후변화매개체감시거점센터,강원1권,2025,9,3주,2025-09-16,강원,삼천동,도심,BGT1,Tripteroides bambusa,4,1,4,4,1,0,,N,,2025-09-19,오유경(yuyu66),2025년,09월,3주
86,기후변화매개체감시거점센터,강원1권,2025,9,3주,2025-09-16,강원,삼천동,도심,BGT1,Armigeres subalbatus,2,1,2,2,1,0,,N,,2025-09-19,오유경(yuyu66),2025년,09월,3주
87,기후변화매개체감시거점센터,강원1권,2025,9,3주,2025-09-16,강원,삼천동,도심,BGT1,Aedes vexans,12,1,12,12,1,0,,N,,2025-09-19,오유경(yuyu66),2025년,09월,3주
88,기후변화매개체감시거점센터,강원1권,2025,9,3주,2025-09-16,강원,삼천동,도심,BGT1,Aedes albopictus,21,1,21,21,1,0,,N,,2025-09-19,오유경(yuyu66),2025년,09월,3주
89,기후변화매개체감시거점센터,강원1권,2025,9,3주,2025-09-16,강원,삼천동,도심,BGT1,Culex pipiens,6,1,6,6,1,0,,N,,2025-09-19,오유경(yuyu66),2025년,09월,3주
90,기후변화매개체감시거점센터,강원1권,2025,9,3주,2025-09-16,강원,삼천동,도심,BGT1,Culex bitaeniorhynchus,1,1,1,1,1,0,,N,,2025-09-19,오유경(yuyu66),2025년,09월,3주
91,기후변화매개체감시거점센터,강원1권,2025,9,3주,2025-09-16,강원,퇴계동주민센터,도심,LED2,Aedes vexans,1,1,1,1,1,0,,N,,2025-09-19,오유경(yuyu66),2025년,09월,3주
92,기후변화매개체감시거점센터,강원1권,2025,9,3주,2025-09-16,강원,퇴계동주민센터,도심,LED2,Anopheles spp.,1,1,1,0,0,0,,N,,2025-09-19,오유경(yuyu66),2025년,09월,3주
93,기후변화매개체감시거점센터,강원1권,2025,9,3주,2025-09-16,강원,퇴계동주민센터,도심,LED2,Culex pipiens,14,1,14,14,1,0,,N,,2025-09-19,오유경(yuyu66),2025년,09월,3주
94,기후변화매개체감시거점센터,강원1권,2025,9,3주,2025-09-16,강원,춘천시보건소,도심,LED1,Aedes vexans,1,1,1,1,1,0,,N,,2025-09-19,오유경(yuyu66),2025년,09월,3주
95,기후변화매개체감시거점센터,강원1권,2025,9,3주,2025-09-16,강원,춘천시보건소,도심,LED1,Aedes albopictus,1,1,1,1,1,0,,N,,2025-09-19,오유경(yuyu66),2025년,09월,3주
96,기후변화매개체감시거점센터,강원1권,2025,9,3주,2025-09-16,강원,춘천시보건소,도심,LED1,Anopheles spp.,2,1,2,0,0,0,,N,,2025-09-19,오유경(yuyu66),2025년,09월,3주
97,기후변화매개체감시거점센터,강원1권,2025,9,3주,2025-09-16,강원,춘천시보건소,도심,LED1,Culex pipiens,12,1,12,12,1,0,,N,,2025-09-19,오유경(yuyu66),2025년,09월,3주
98,기후변화매개체감시거점센터,강원1권,2025,9,3주,2025-09-17,강원,춘천시보건소,도심,DMS1,Armigeres subalbatus,1,2,0,1,1,0,"21, 24, 87.50 %",N,,2025-09-19,오유경(yuyu66),2025년,09월,3주
99,기후변화매개체감시거점센터,강원1권,2025,9,3주,2025-09-17,강원,춘천시보건소,도심,DMS1,Culex tritaeniorhynchus,1,2,0,1,1,0,"21, 24, 87.50 %",N,,2025-09-19,오유경(yuyu66),2025년,09월,3주
100,기후변화매개체감시거점센터,강원1권,2025,9,3주,2025-09-17,강원,춘천시보건소,도심,DMS1,Culex pipiens,19,2,9,19,1,0,"21, 24, 87.50 %",N,,2025-09-19,오유경(yuyu66),2025년,09월,3주
101,기후변화매개체감시거점센터,강원1권,2025,9,2주,2025-09-10,강원,춘천시보건소,도심,DMS1,Aedes vexans,1,2,0,1,1,0,"22, 44, 50.00 %",N,,2025-09-15,오유경(yuyu66),2025년,09월,2주
102,기후변화매개체감시거점센터,강원1권,2025,9,2주,2025-09-10,강원,춘천시보건소,도심,DMS1,Aedes albopictus,1,2,0,1,1,0,"22, 44, 50.00 %",N,,2025-09-15,오유경(yuyu66),2025년,09월,2주
103,기후변화매개체감시거점센터,강원1권,2025,9,2주,2025-09-10,강원,춘천시보건소,도심,DMS1,Culex pipiens,20,2,10,20,1,0,"22, 44, 50.00 %",N,,2025-09-15,오유경(yuyu66),2025년,09월,2주
104,기후변화매개체감시거점센터,강원1권,2025,9,1주,2025-09-03,강원,춘천시보건소,도심,DMS1,Aedes vexans,2,2,1,2,1,0,"29, 39, 74.36 %",N,,2025-09-05,오유경(yuyu66),2025년,09월,1주
105,기후변화매개체감시거점센터,강원1권,2025,9,1주,2025-09-03,강원,춘천시보건소,도심,DMS1,Aedes albopictus,1,2,0,1,1,0,"29, 39, 74.36 %",N,,2025-09-05,오유경(yuyu66),2025년,09월,1주
106,기후변화매개체감시거점센터,강원1권,2025,9,1주,2025-09-03,강원,춘천시보건소,도심,DMS1,Anopheles spp.,1,2,0,0,0,0,"29, 39, 74.36 %",N,,2025-09-05,오유경(yuyu66),2025년,09월,1주
107,기후변화매개체감시거점센터,강원1권,2025,9,1주,2025-09-03,강원,춘천시보건소,도심,DMS1,Culex pipiens,25,2,12,25,1,0,"29, 39, 74.36 %",N,,2025-09-05,오유경(yuyu66),2025년,09월,1주
108,기후변화매개체감시거점센터,강원1권,2025,8,4주,2025-08-27,강원,춘천시보건소,도심,DMS1,Aedes albopictus,9,2,4,9,1,0,"43, 72, 59.72 %",N,,2025-08-29,오유경(yuyu66),2025년,08월,4주
109,기후변화매개체감시거점센터,강원1권,2025,8,4주,2025-08-27,강원,춘천시보건소,도심,DMS1,Culex pipiens,34,2,17,34,2,0,"43, 72, 59.72 %",N,,2025-08-29,오유경(yuyu66),2025년,08월,4주
110,기후변화매개체감시거점센터,강원1권,2025,8,3주,2025-08-20,강원,백로서식지,철새도래지,BGT1,Armigeres subalbatus,49,1,49,49,2,0,,N,,2025-08-22,오유경(yuyu66),2025년,08월,3주
111,기후변화매개체감시거점센터,강원1권,2025,8,3주,2025-08-20,강원,백로서식지,철새도래지,BGT1,Ochlerotatus koreicus,9,1,9,9,1,0,,N,,2025-08-22,오유경(yuyu66),2025년,08월,3주
112,기후변화매개체감시거점센터,강원1권,2025,8,3주,2025-08-20,강원,백로서식지,철새도래지,BGT1,Aedes vexans,1,1,1,1,1,0,,N,,2025-08-22,오유경(yuyu66),2025년,08월,3주
113,기후변화매개체감시거점센터,강원1권,2025,8,3주,2025-08-20,강원,백로서식지,철새도래지,BGT1,Aedes albopictus,37,1,37,37,2,0,,N,,2025-08-22,오유경(yuyu66),2025년,08월,3주
114,기후변화매개체감시거점센터,강원1권,2025,8,3주,2025-08-20,강원,백로서식지,철새도래지,BGT1,Culex pipiens,4,1,4,4,1,0,,N,,2025-08-22,오유경(yuyu66),2025년,08월,3주
115,기후변화매개체감시거점센터,강원1권,2025,8,3주,2025-08-20,강원,주택,철새도래지,LED2,Armigeres subalbatus,5,1,5,5,1,0,,N,,2025-08-22,오유경(yuyu66),2025년,08월,3주
116,기후변화매개체감시거점센터,강원1권,2025,8,3주,2025-08-20,강원,주택,철새도래지,LED2,Ochlerotatus koreicus,21,1,21,21,1,0,,N,,2025-08-22,오유경(yuyu66),2025년,08월,3주
117,기후변화매개체감시거점센터,강원1권,2025,8,3주,2025-08-20,강원,주택,철새도래지,LED2,Aedes vexans,1,1,1,1,1,0,,N,,2025-08-22,오유경(yuyu66),2025년,08월,3주
118,기후변화매개체감시거점센터,강원1권,2025,8,3주,2025-08-20,강원,주택,철새도래지,LED2,Aedes albopictus,19,1,19,19,1,0,,N,,2025-08-22,오유경(yuyu66),2025년,08월,3주
119,기후변화매개체감시거점센터,강원1권,2025,8,3주,2025-08-20,강원,주택,철새도래지,LED2,Anopheles spp.,1,1,1,0,0,0,,N,,2025-08-22,오유경(yuyu66),2025년,08월,3주
120,기후변화매개체감시거점센터,강원1권,2025,8,3주,2025-08-20,강원,주택,철새도래지,LED2,Culex pipiens,4,1,4,4,1,0,,N,,2025-08-22,오유경(yuyu66),2025년,08월,3주
121,기후변화매개체감시거점센터,강원1권,2025,8,3주,2025-08-20,강원,종가오리,철새도래지,LED1,Ochlerotatus koreicus,1,1,1,1,1,0,,N,,2025-08-22,오유경(yuyu66),2025년,08월,3주
122,기후변화매개체감시거점센터,강원1권,2025,8,3주,2025-08-20,강원,종가오리,철새도래지,LED1,Anopheles spp.,2,1,2,0,0,0,,N,,2025-08-22,오유경(yuyu66),2025년,08월,3주
123,기후변화매개체감시거점센터,강원1권,2025,8,3주,2025-08-20,강원,삼천동,도심,BGT1,Armigeres subalbatus,4,1,4,4,1,0,,N,,2025-08-22,오유경(yuyu66),2025년,08월,3주
124,기후변화매개체감시거점센터,강원1권,2025,8,3주,2025-08-20,강원,삼천동,도심,BGT1,Aedes albopictus,17,1,17,17,1,0,,N,,2025-08-22,오유경(yuyu66),2025년,08월,3주
125,기후변화매개체감시거점센터,강원1권,2025,8,3주,2025-08-20,강원,삼천동,도심,BGT1,Culex pipiens,1,1,1,1,1,0,,N,,2025-08-22,오유경(yuyu66),2025년,08월,3주
126,기후변화매개체감시거점센터,강원1권,2025,8,3주,2025-08-20,강원,퇴계동주민센터,도심,LED2,Aedes vexans,1,1,1,1,1,0,,N,,2025-08-22,오유경(yuyu66),2025년,08월,3주
127,기후변화매개체감시거점센터,강원1권,2025,8,3주,2025-08-20,강원,퇴계동주민센터,도심,LED2,Anopheles spp.,1,1,1,0,0,0,,N,,2025-08-22,오유경(yuyu66),2025년,08월,3주
128,기후변화매개체감시거점센터,강원1권,2025,8,3주,2025-08-20,강원,퇴계동주민센터,도심,LED2,Culex pipiens,4,1,4,4,1,0,,N,,2025-08-22,오유경(yuyu66),2025년,08월,3주
129,기후변화매개체감시거점센터,강원1권,2025,8,3주,2025-08-20,강원,춘천시보건소,도심,LED1,Armigeres subalbatus,4,1,4,4,1,0,,N,,2025-08-22,오유경(yuyu66),2025년,08월,3주
130,기후변화매개체감시거점센터,강원1권,2025,8,3주,2025-08-20,강원,춘천시보건소,도심,LED1,Aedes vexans,2,1,2,2,1,0,,N,,2025-08-22,오유경(yuyu66),2025년,08월,3주
131,기후변화매개체감시거점센터,강원1권,2025,8,3주,2025-08-20,강원,춘천시보건소,도심,LED1,Aedes albopictus,4,1,4,4,1,0,,N,,2025-08-22,오유경(yuyu66),2025년,08월,3주
132,기후변화매개체감시거점센터,강원1권,2025,8,3주,2025-08-20,강원,춘천시보건소,도심,LED1,Culex pipiens,9,1,9,9,1,0,,N,,2025-08-22,오유경(yuyu66),2025년,08월,3주
133,기후변화매개체감시거점센터,강원1권,2025,8,3주,2025-08-20,강원,춘천시보건소,도심,LED1,Culex orientalis,1,1,1,1,1,0,,N,,2025-08-22,오유경(yuyu66),2025년,08월,3주
134,기후변화매개체감시거점센터,강원1권,2025,8,3주,2025-08-21,강원,춘천시보건소,도심,DMS1,Aedes vexans,1,2,0,1,1,0,"34, 45, 75.56 %",N,,2025-08-22,오유경(yuyu66),2025년,08월,3주
135,기후변화매개체감시거점센터,강원1권,2025,8,3주,2025-08-21,강원,춘천시보건소,도심,DMS1,Aedes albopictus,4,2,2,4,1,0,"34, 45, 75.56 %",N,,2025-08-22,오유경(yuyu66),2025년,08월,3주
136,기후변화매개체감시거점센터,강원1권,2025,8,3주,2025-08-21,강원,춘천시보건소,도심,DMS1,Culex pipiens,29,2,14,29,1,0,"34, 45, 75.56 %",N,,2025-08-22,오유경(yuyu66),2025년,08월,3주
137,기후변화매개체감시거점센터,강원1권,2025,8,2주,2025-08-13,강원,춘천시보건소,도심,DMS1,Aedes albopictus,4,2,2,4,1,0,"48, 65, 73.85 %",N,,2025-08-14,오유경(yuyu66),2025년,08월,2주
138,기후변화매개체감시거점센터,강원1권,2025,8,2주,2025-08-13,강원,춘천시보건소,도심,DMS1,Culex pipiens,44,2,22,44,2,0,"48, 65, 73.85 %",N,,2025-08-14,오유경(yuyu66),2025년,08월,2주
139,기후변화매개체감시거점센터,강원1권,2025,8,1주,2025-08-06,강원,춘천시보건소,도심,DMS1,Armigeres subalbatus,2,2,1,2,1,0,"108, 102, 105.88 %",N,,2025-08-08,오유경(yuyu66),2025년,08월,1주
140,기후변화매개체감시거점센터,강원1권,2025,8,1주,2025-08-06,강원,춘천시보건소,도심,DMS1,Ochlerotatus koreicus,2,2,1,2,1,0,"108, 102, 105.88 %",N,,2025-08-08,오유경(yuyu66),2025년,08월,1주
141,기후변화매개체감시거점센터,강원1권,2025,8,1주,2025-08-06,강원,춘천시보건소,도심,DMS1,Aedes albopictus,4,2,2,4,1,0,"108, 102, 105.88 %",N,,2025-08-08,오유경(yuyu66),2025년,08월,1주
142,기후변화매개체감시거점센터,강원1권,2025,8,1주,2025-08-06,강원,춘천시보건소,도심,DMS1,Anopheles spp.,1,1,1,0,0,0,"108, 102, 105.88 %",N,,2025-08-08,오유경(yuyu66),2025년,08월,1주
143,기후변화매개체감시거점센터,강원1권,2025,8,1주,2025-08-06,강원,춘천시보건소,도심,DMS1,Culex pipiens,99,2,49,99,4,0,"108, 102, 105.88 %",N,,2025-08-08,오유경(yuyu66),2025년,08월,1주
144,기후변화매개체감시거점센터,강원1권,2025,7,4주,2025-07-30,강원,춘천시보건소,도심,DMS1,Armigeres subalbatus,1,2,0,1,1,0,"65, 70, 92.86 %",N,,2025-08-01,오유경(yuyu66),2025년,07월,4주
145,기후변화매개체감시거점센터,강원1권,2025,7,4주,2025-07-30,강원,춘천시보건소,도심,DMS1,Aedes albopictus,2,2,1,2,1,0,"65, 70, 92.86 %",N,,2025-08-01,오유경(yuyu66),2025년,07월,4주
146,기후변화매개체감시거점센터,강원1권,2025,7,4주,2025-07-30,강원,춘천시보건소,도심,DMS1,Culex pipiens,62,2,31,62,3,0,"65, 70, 92.86 %",N,,2025-08-01,오유경(yuyu66),2025년,07월,4주
147,기후변화매개체감시거점센터,강원1권,2025,7,4주,2025-07-23,강원,춘천시보건소,도심,DMS1,Ochlerotatus koreicus,1,2,0,1,1,0,"36, 38, 94.74 %",N,,2025-07-25,오유경(yuyu66),2025년,07월,4주
148,기후변화매개체감시거점센터,강원1권,2025,7,4주,2025-07-23,강원,춘천시보건소,도심,DMS1,Aedes albopictus,2,2,1,2,1,0,"36, 38, 94.74 %",N,,2025-07-25,오유경(yuyu66),2025년,07월,4주
149,기후변화매개체감시거점센터,강원1권,2025,7,4주,2025-07-23,강원,춘천시보건소,도심,DMS1,Culex pipiens,33,2,16,33,2,0,"36, 38, 94.74 %",N,,2025-07-25,오유경(yuyu66),2025년,07월,4주
150,기후변화매개체감시거점센터,강원1권,2025,7,3주,2025-07-15,강원,백로서식지,철새도래지,BGT1,Tripteroides bambusa,1,1,1,1,1,0,,N,,2025-07-18,오유경(yuyu66),2025년,07월,3주
151,기후변화매개체감시거점센터,강원1권,2025,7,3주,2025-07-15,강원,백로서식지,철새도래지,BGT1,Armigeres subalbatus,3,1,3,3,1,0,,N,,2025-07-18,오유경(yuyu66),2025년,07월,3주
152,기후변화매개체감시거점센터,강원1권,2025,7,3주,2025-07-15,강원,백로서식지,철새도래지,BGT1,Ochlerotatus koreicus,11,1,11,11,1,0,,N,,2025-07-18,오유경(yuyu66),2025년,07월,3주
153,기후변화매개체감시거점센터,강원1권,2025,7,3주,2025-07-15,강원,백로서식지,철새도래지,BGT1,Aedes vexans,1,1,1,1,1,0,,N,,2025-07-18,오유경(yuyu66),2025년,07월,3주
154,기후변화매개체감시거점센터,강원1권,2025,7,3주,2025-07-15,강원,백로서식지,철새도래지,BGT1,Aedes albopictus,4,1,4,4,1,0,,N,,2025-07-18,오유경(yuyu66),2025년,07월,3주
155,기후변화매개체감시거점센터,강원1권,2025,7,3주,2025-07-15,강원,백로서식지,철새도래지,BGT1,Culex pipiens,2,1,2,2,1,0,,N,,2025-07-18,오유경(yuyu66),2025년,07월,3주
156,기후변화매개체감시거점센터,강원1권,2025,7,3주,2025-07-15,강원,주택,철새도래지,LED2,Ochlerotatus koreicus,25,1,25,25,1,0,,N,,2025-07-18,오유경(yuyu66),2025년,07월,3주
157,기후변화매개체감시거점센터,강원1권,2025,7,3주,2025-07-15,강원,주택,철새도래지,LED2,Aedes albopictus,9,1,9,9,1,0,,N,,2025-07-18,오유경(yuyu66),2025년,07월,3주
158,기후변화매개체감시거점센터,강원1권,2025,7,3주,2025-07-15,강원,주택,철새도래지,LED2,Culex orientalis,1,1,1,1,1,0,,N,,2025-07-18,오유경(yuyu66),2025년,07월,3주
159,기후변화매개체감시거점센터,강원1권,2025,7,3주,2025-07-15,강원,종가오리,철새도래지,LED1,Armigeres subalbatus,1,1,1,1,1,0,,N,,2025-07-18,오유경(yuyu66),2025년,07월,3주
160,기후변화매개체감시거점센터,강원1권,2025,7,3주,2025-07-15,강원,종가오리,철새도래지,LED1,Ochlerotatus koreicus,4,1,4,4,1,0,,N,,2025-07-18,오유경(yuyu66),2025년,07월,3주
161,기후변화매개체감시거점센터,강원1권,2025,7,3주,2025-07-15,강원,종가오리,철새도래지,LED1,Anopheles spp.,1,1,1,0,0,0,,N,,2025-07-18,오유경(yuyu66),2025년,07월,3주
162,기후변화매개체감시거점센터,강원1권,2025,7,3주,2025-07-15,강원,삼천동,도심,BGT1,Tripteroides bambusa,1,1,1,1,1,0,,N,,2025-07-18,오유경(yuyu66),2025년,07월,3주
163,기후변화매개체감시거점센터,강원1권,2025,7,3주,2025-07-15,강원,삼천동,도심,BGT1,Armigeres subalbatus,1,1,1,1,1,0,,N,,2025-07-18,오유경(yuyu66),2025년,07월,3주
164,기후변화매개체감시거점센터,강원1권,2025,7,3주,2025-07-15,강원,삼천동,도심,BGT1,Aedes vexans,1,1,1,1,1,0,,N,,2025-07-18,오유경(yuyu66),2025년,07월,3주
165,기후변화매개체감시거점센터,강원1권,2025,7,3주,2025-07-15,강원,삼천동,도심,BGT1,Aedes albopictus,8,1,8,8,1,0,,N,,2025-07-18,오유경(yuyu66),2025년,07월,3주
166,기후변화매개체감시거점센터,강원1권,2025,7,3주,2025-07-15,강원,삼천동,도심,BGT1,Culex pipiens,14,1,14,14,1,0,,N,,2025-07-18,오유경(yuyu66),2025년,07월,3주
167,기후변화매개체감시거점센터,강원1권,2025,7,3주,2025-07-15,강원,퇴계동주민센터,도심,LED2,Aedes vexans,1,1,1,1,1,0,,N,,2025-07-18,오유경(yuyu66),2025년,07월,3주
168,기후변화매개체감시거점센터,강원1권,2025,7,3주,2025-07-15,강원,퇴계동주민센터,도심,LED2,Aedes albopictus,1,1,1,1,1,0,,N,,2025-07-18,오유경(yuyu66),2025년,07월,3주
169,기후변화매개체감시거점센터,강원1권,2025,7,3주,2025-07-15,강원,퇴계동주민센터,도심,LED2,Anopheles spp.,1,1,1,0,0,0,,N,,2025-07-18,오유경(yuyu66),2025년,07월,3주
170,기후변화매개체감시거점센터,강원1권,2025,7,3주,2025-07-15,강원,퇴계동주민센터,도심,LED2,Culex pipiens,15,1,15,15,1,0,,N,,2025-07-18,오유경(yuyu66),2025년,07월,3주
171,기후변화매개체감시거점센터,강원1권,2025,7,3주,2025-07-15,강원,춘천시보건소,도심,LED1,Ochlerotatus koreicus,3,1,3,3,1,0,,N,,2025-07-18,오유경(yuyu66),2025년,07월,3주
172,기후변화매개체감시거점센터,강원1권,2025,7,3주,2025-07-15,강원,춘천시보건소,도심,LED1,Culex pipiens,24,1,24,24,1,0,,N,,2025-07-18,오유경(yuyu66),2025년,07월,3주
173,기후변화매개체감시거점센터,강원1권,2025,7,3주,2025-07-16,강원,춘천시보건소,도심,DMS1,Aedes vexans,2,2,1,2,1,0,"67, 84, 79.76 %",N,,2025-07-17,오유경(yuyu66),2025년,07월,3주
174,기후변화매개체감시거점센터,강원1권,2025,7,3주,2025-07-16,강원,춘천시보건소,도심,DMS1,Aedes albopictus,4,2,2,4,1,0,"67, 84, 79.76 %",N,,2025-07-17,오유경(yuyu66),2025년,07월,3주
175,기후변화매개체감시거점센터,강원1권,2025,7,3주,2025-07-16,강원,춘천시보건소,도심,DMS1,Anopheles spp.,1,1,1,0,0,0,"67, 84, 79.76 %",N,,2025-07-17,오유경(yuyu66),2025년,07월,3주
176,기후변화매개체감시거점센터,강원1권,2025,7,3주,2025-07-16,강원,춘천시보건소,도심,DMS1,Culex pipiens,60,2,30,60,2,0,"67, 84, 79.76 %",N,,2025-07-17,오유경(yuyu66),2025년,07월,3주
177,기후변화매개체감시거점센터,강원1권,2025,7,2주,2025-07-09,강원,춘천시보건소,도심,DMS1,Ochlerotatus koreicus,6,2,3,6,1,0,"177, 114, 155.26 %",N,,2025-07-11,오유경(yuyu66),2025년,07월,2주
178,기후변화매개체감시거점센터,강원1권,2025,7,2주,2025-07-09,강원,춘천시보건소,도심,DMS1,Aedes albopictus,3,2,1,3,1,0,"177, 114, 155.26 %",N,,2025-07-11,오유경(yuyu66),2025년,07월,2주
179,기후변화매개체감시거점센터,강원1권,2025,7,2주,2025-07-09,강원,춘천시보건소,도심,DMS1,Culex pipiens,168,2,84,168,6,0,"177, 114, 155.26 %",N,,2025-07-11,오유경(yuyu66),2025년,07월,2주
180,기후변화매개체감시거점센터,강원1권,2025,7,1주,2025-07-02,강원,춘천시보건소,도심,DMS1,Anopheles spp.,1,2,0,0,0,0,"96, 107, 89.72 %",N,,2025-07-07,오유경(yuyu66),2025년,07월,1주
181,기후변화매개체감시거점센터,강원1권,2025,7,1주,2025-07-02,강원,춘천시보건소,도심,DMS1,Ochlerotatus koreicus,8,2,4,8,1,0,"96, 107, 89.72 %",N,,2025-07-04,오유경(yuyu66),2025년,07월,1주
182,기후변화매개체감시거점센터,강원1권,2025,7,1주,2025-07-02,강원,춘천시보건소,도심,DMS1,Aedes vexans,4,2,2,4,1,0,"96, 107, 89.72 %",N,,2025-07-04,오유경(yuyu66),2025년,07월,1주
183,기후변화매개체감시거점센터,강원1권,2025,7,1주,2025-07-02,강원,춘천시보건소,도심,DMS1,Aedes albopictus,1,2,0,1,1,0,"96, 107, 89.72 %",N,,2025-07-04,오유경(yuyu66),2025년,07월,1주
184,기후변화매개체감시거점센터,강원1권,2025,7,1주,2025-07-02,강원,춘천시보건소,도심,DMS1,Culex pipiens,82,2,41,82,3,0,"96, 107, 89.72 %",N,,2025-07-04,오유경(yuyu66),2025년,07월,1주
185,기후변화매개체감시거점센터,강원1권,2025,6,4주,2025-06-25,강원,춘천시보건소,도심,DMS1,Aedes albopictus,8,2,4,8,1,0,"101, 105, 96.19 %",N,,2025-06-27,오유경(yuyu66),2025년,06월,4주
186,기후변화매개체감시거점센터,강원1권,2025,6,4주,2025-06-25,강원,춘천시보건소,도심,DMS1,Culex pipiens,93,2,46,93,4,0,"101, 105, 96.19 %",N,,2025-06-27,오유경(yuyu66),2025년,06월,4주
187,기후변화매개체감시거점센터,강원1권,2025,6,3주,2025-06-18,강원,백로서식지,철새도래지,BGT1,Tripteroides bambusa,1,1,1,1,1,0,,N,,2025-06-19,오유경(yuyu66),2025년,06월,3주
188,기후변화매개체감시거점센터,강원1권,2025,6,3주,2025-06-18,강원,백로서식지,철새도래지,BGT1,Armigeres subalbatus,7,1,7,7,1,0,,N,,2025-06-19,오유경(yuyu66),2025년,06월,3주
189,기후변화매개체감시거점센터,강원1권,2025,6,3주,2025-06-18,강원,백로서식지,철새도래지,BGT1,Ochlerotatus koreicus,80,1,80,80,3,0,,N,,2025-06-19,오유경(yuyu66),2025년,06월,3주
190,기후변화매개체감시거점센터,강원1권,2025,6,3주,2025-06-18,강원,백로서식지,철새도래지,BGT1,Aedes vexans,2,1,2,2,1,0,,N,,2025-06-19,오유경(yuyu66),2025년,06월,3주
191,기후변화매개체감시거점센터,강원1권,2025,6,3주,2025-06-18,강원,백로서식지,철새도래지,BGT1,Aedes albopictus,49,1,49,49,2,0,,N,,2025-06-19,오유경(yuyu66),2025년,06월,3주
192,기후변화매개체감시거점센터,강원1권,2025,6,3주,2025-06-18,강원,주택,철새도래지,LED2,Tripteroides bambusa,1,1,1,1,1,0,,N,,2025-06-19,오유경(yuyu66),2025년,06월,3주
193,기후변화매개체감시거점센터,강원1권,2025,6,3주,2025-06-18,강원,주택,철새도래지,LED2,Ochlerotatus koreicus,37,1,37,37,2,0,,N,,2025-06-19,오유경(yuyu66),2025년,06월,3주
194,기후변화매개체감시거점센터,강원1권,2025,6,3주,2025-06-18,강원,주택,철새도래지,LED2,Aedes albopictus,4,1,4,4,1,0,,N,,2025-06-19,오유경(yuyu66),2025년,06월,3주
195,기후변화매개체감시거점센터,강원1권,2025,6,3주,2025-06-18,강원,주택,철새도래지,LED2,Culex pipiens,2,1,2,2,1,0,,N,,2025-06-19,오유경(yuyu66),2025년,06월,3주
196,기후변화매개체감시거점센터,강원1권,2025,6,3주,2025-06-18,강원,종가오리,철새도래지,LED1,Ochlerotatus koreicus,4,1,4,4,1,0,,N,,2025-06-19,오유경(yuyu66),2025년,06월,3주
197,기후변화매개체감시거점센터,강원1권,2025,6,3주,2025-06-18,강원,종가오리,철새도래지,LED1,Culex pipiens,1,1,1,1,1,0,,N,,2025-06-19,오유경(yuyu66),2025년,06월,3주
198,기후변화매개체감시거점센터,강원1권,2025,6,3주,2025-06-18,강원,삼천동,도심,BGT1,Tripteroides bambusa,3,1,3,3,1,0,,N,,2025-06-19,오유경(yuyu66),2025년,06월,3주
199,기후변화매개체감시거점센터,강원1권,2025,6,3주,2025-06-18,강원,삼천동,도심,BGT1,Aedes albopictus,32,1,32,32,2,0,,N,,2025-06-19,오유경(yuyu66),2025년,06월,3주
200,기후변화매개체감시거점센터,강원1권,2025,6,3주,2025-06-18,강원,삼천동,도심,BGT1,Culex pipiens,1,1,1,1,1,0,,N,,2025-06-19,오유경(yuyu66),2025년,06월,3주
201,기후변화매개체감시거점센터,강원1권,2025,6,3주,2025-06-18,강원,퇴계동주민센터,도심,LED2,Ochlerotatus koreicus,2,1,2,2,1,0,,N,,2025-06-19,오유경(yuyu66),2025년,06월,3주
202,기후변화매개체감시거점센터,강원1권,2025,6,3주,2025-06-18,강원,퇴계동주민센터,도심,LED2,Culex pipiens,6,1,6,6,1,0,,N,,2025-06-19,오유경(yuyu66),2025년,06월,3주
203,기후변화매개체감시거점센터,강원1권,2025,6,3주,2025-06-18,강원,춘천시보건소,도심,LED1,Ochlerotatus koreicus,2,1,2,2,1,0,,N,,2025-06-19,오유경(yuyu66),2025년,06월,3주
204,기후변화매개체감시거점센터,강원1권,2025,6,3주,2025-06-18,강원,춘천시보건소,도심,LED1,Aedes vexans,2,1,2,2,1,0,,N,,2025-06-19,오유경(yuyu66),2025년,06월,3주
205,기후변화매개체감시거점센터,강원1권,2025,6,3주,2025-06-18,강원,춘천시보건소,도심,LED1,Aedes albopictus,7,1,7,7,1,0,,N,,2025-06-19,오유경(yuyu66),2025년,06월,3주
206,기후변화매개체감시거점센터,강원1권,2025,6,3주,2025-06-18,강원,춘천시보건소,도심,LED1,Culex pipiens,33,1,33,33,2,0,,N,,2025-06-19,오유경(yuyu66),2025년,06월,3주
207,기후변화매개체감시거점센터,강원1권,2025,6,3주,2025-06-19,강원,춘천시보건소,도심,DMS1,Aedes vexans,3,2,1,3,1,0,"135, 157, 85.99 %",N,,2025-06-19,오유경(yuyu66),2025년,06월,3주
208,기후변화매개체감시거점센터,강원1권,2025,6,3주,2025-06-19,강원,춘천시보건소,도심,DMS1,Aedes albopictus,6,2,3,6,1,0,"135, 157, 85.99 %",N,,2025-06-19,오유경(yuyu66),2025년,06월,3주
209,기후변화매개체감시거점센터,강원1권,2025,6,3주,2025-06-19,강원,춘천시보건소,도심,DMS1,Culex pipiens,126,2,63,126,5,0,"135, 157, 85.99 %",N,,2025-06-19,오유경(yuyu66),2025년,06월,3주
210,기후변화매개체감시거점센터,강원1권,2025,6,2주,2025-06-11,강원,춘천시보건소,도심,DMS1,Ochlerotatus koreicus,1,2,0,1,1,0,"57, 89, 64.04 %",N,,2025-06-13,오유경(yuyu66),2025년,06월,2주
211,기후변화매개체감시거점센터,강원1권,2025,6,2주,2025-06-11,강원,춘천시보건소,도심,DMS1,Aedes albopictus,8,2,4,8,1,0,"57, 89, 64.04 %",N,,2025-06-13,오유경(yuyu66),2025년,06월,2주
212,기후변화매개체감시거점센터,강원1권,2025,6,2주,2025-06-11,강원,춘천시보건소,도심,DMS1,Culex pipiens,48,2,24,48,2,0,"57, 89, 64.04 %",N,,2025-06-13,오유경(yuyu66),2025년,06월,2주
213,기후변화매개체감시거점센터,강원1권,2025,5,1주,2025-06-04,강원,춘천시보건소,도심,DMS1,Ochlerotatus koreicus,1,2,0,1,1,0,"22, 47, 46.81 %",N,,2025-06-05,오유경(yuyu66),2025년,06월,1주
214,기후변화매개체감시거점센터,강원1권,2025,5,1주,2025-06-04,강원,춘천시보건소,도심,DMS1,Aedes vexans,1,2,0,1,1,0,"22, 47, 46.81 %",N,,2025-06-05,오유경(yuyu66),2025년,06월,1주
215,기후변화매개체감시거점센터,강원1권,2025,5,1주,2025-06-04,강원,춘천시보건소,도심,DMS1,Aedes albopictus,6,2,3,6,1,0,"22, 47, 46.81 %",N,,2025-06-05,오유경(yuyu66),2025년,06월,1주
216,기후변화매개체감시거점센터,강원1권,2025,5,1주,2025-06-04,강원,춘천시보건소,도심,DMS1,Culex pipiens,14,2,7,14,1,0,"22, 47, 46.81 %",N,,2025-06-05,오유경(yuyu66),2025년,06월,1주
217,기후변화매개체감시거점센터,강원1권,2025,5,4주,2025-05-28,강원,춘천시보건소,도심,DMS1,Ochlerotatus koreicus,2,2,1,2,1,0,"15, 50, 30.00 %",N,,2025-05-30,오유경(yuyu66),2025년,05월,4주
218,기후변화매개체감시거점센터,강원1권,2025,5,4주,2025-05-28,강원,춘천시보건소,도심,DMS1,Aedes vexans,2,2,1,2,1,0,"15, 50, 30.00 %",N,,2025-05-30,오유경(yuyu66),2025년,05월,4주
219,기후변화매개체감시거점센터,강원1권,2025,5,4주,2025-05-28,강원,춘천시보건소,도심,DMS1,Aedes albopictus,1,2,0,1,1,0,"15, 50, 30.00 %",N,,2025-05-30,오유경(yuyu66),2025년,05월,4주
220,기후변화매개체감시거점센터,강원1권,2025,5,4주,2025-05-28,강원,춘천시보건소,도심,DMS1,Culex pipiens,10,2,5,10,1,0,"15, 50, 30.00 %",N,,2025-05-30,오유경(yuyu66),2025년,05월,4주
221,기후변화매개체감시거점센터,강원1권,2025,5,3주,2025-05-21,강원,춘천시보건소,도심,DMS1,Ochlerotatus koreicus,3,2,1,3,1,0,"8, 25, 32.00 %",N,,2025-05-23,오유경(yuyu66),2025년,05월,3주
222,기후변화매개체감시거점센터,강원1권,2025,5,3주,2025-05-21,강원,춘천시보건소,도심,DMS1,Culex pipiens,5,2,2,5,1,0,"8, 25, 32.00 %",N,,2025-05-23,오유경(yuyu66),2025년,05월,3주
223,기후변화매개체감시거점센터,강원1권,2025,5,2주,2025-05-14,강원,백로서식지,철새도래지,BGT1,Armigeres subalbatus,1,1,1,1,1,0,,N,,2025-05-16,오유경(yuyu66),2025년,05월,2주
224,기후변화매개체감시거점센터,강원1권,2025,5,2주,2025-05-14,강원,백로서식지,철새도래지,BGT1,Ochlerotatus koreicus,9,1,9,9,1,0,,N,,2025-05-16,오유경(yuyu66),2025년,05월,2주
225,기후변화매개체감시거점센터,강원1권,2025,5,2주,2025-05-14,강원,백로서식지,철새도래지,BGT1,Culex pipiens,12,1,12,12,1,0,,N,,2025-05-16,오유경(yuyu66),2025년,05월,2주
226,기후변화매개체감시거점센터,강원1권,2025,5,2주,2025-05-14,강원,백로서식지,철새도래지,BGT1,Culex orientalis,1,1,1,1,1,0,,N,,2025-05-16,오유경(yuyu66),2025년,05월,2주
227,기후변화매개체감시거점센터,강원1권,2025,5,2주,2025-05-14,강원,주택,철새도래지,LED2,Culex pipiens,3,1,3,3,1,0,,N,,2025-05-16,오유경(yuyu66),2025년,05월,2주
228,기후변화매개체감시거점센터,강원1권,2025,5,2주,2025-05-14,강원,종가오리,철새도래지,LED1,미채집,0,1,0,0,0,0,,N,,2025-05-16,오유경(yuyu66),2025년,05월,2주
229,기후변화매개체감시거점센터,강원1권,2025,5,2주,2025-05-14,강원,삼천동,도심,BGT1,Ochlerotatus koreicus,5,1,5,5,1,0,,N,,2025-05-16,오유경(yuyu66),2025년,05월,2주
230,기후변화매개체감시거점센터,강원1권,2025,5,2주,2025-05-14,강원,삼천동,도심,BGT1,Aedes vexans,1,1,1,1,1,0,,N,,2025-05-16,오유경(yuyu66),2025년,05월,2주
231,기후변화매개체감시거점센터,강원1권,2025,5,2주,2025-05-14,강원,삼천동,도심,BGT1,Culex pipiens,7,1,7,7,1,0,,N,,2025-05-16,오유경(yuyu66),2025년,05월,2주
232,기후변화매개체감시거점센터,강원1권,2025,5,2주,2025-05-14,강원,퇴계동주민센터,도심,LED2,Culex pipiens,3,1,3,3,1,0,,N,,2025-05-16,오유경(yuyu66),2025년,05월,2주
233,기후변화매개체감시거점센터,강원1권,2025,5,2주,2025-05-14,강원,춘천시보건소,도심,LED1,Culex pipiens,5,1,5,5,1,0,,N,,2025-05-16,오유경(yuyu66),2025년,05월,2주
234,기후변화매개체감시거점센터,강원1권,2025,5,2주,2025-05-14,강원,춘천시보건소,도심,DMS1,Culex pipiens,17,2,8,17,1,0,"17, 24, 70.83 %",N,,2025-05-16,오유경(yuyu66),2025년,05월,2주
235,기후변화매개체감시거점센터,강원1권,2025,5,2주,2025-05-09,강원,춘천시보건소,도심,DMS1,Culex pipiens,6,2,3,6,1,0,"6, 22, 27.27 %",N,,2025-05-12,오유경(yuyu66),2025년,05월,2주
236,기후변화매개체감시거점센터,강원1권,2025,4,3주,2025-04-16,강원,백로서식지,철새도래지,BGT1,미채집,0,1,0,0,0,0,,N,,2025-04-18,오유경(yuyu66),2025년,04월,3주
237,기후변화매개체감시거점센터,강원1권,2025,4,3주,2025-04-16,강원,주택,철새도래지,LED2,Culex orientalis,1,1,1,1,1,0,,N,,2025-04-18,오유경(yuyu66),2025년,04월,3주
238,기후변화매개체감시거점센터,강원1권,2025,4,3주,2025-04-16,강원,종가오리,철새도래지,LED1,미채집,0,1,0,0,0,0,,N,,2025-04-18,오유경(yuyu66),2025년,04월,3주
239,기후변화매개체감시거점센터,강원1권,2025,4,3주,2025-04-16,강원,삼천동,도심,BGT1,Culex pipiens,2,1,2,2,1,0,,N,,2025-04-18,오유경(yuyu66),2025년,04월,3주
240,기후변화매개체감시거점센터,강원1권,2025,4,3주,2025-04-16,강원,삼천동,도심,BGT1,Culex orientalis,1,1,1,1,1,0,,N,,2025-04-18,오유경(yuyu66),2025년,04월,3주
241,기후변화매개체감시거점센터,강원1권,2025,4,3주,2025-04-16,강원,퇴계동주민센터,도심,LED2,미채집,0,1,0,0,0,0,,N,,2025-04-18,오유경(yuyu66),2025년,04월,3주
242,기후변화매개체감시거점센터,강원1권,2025,4,3주,2025-04-16,강원,춘천시보건소,도심,LED1,Culex pipiens,2,1,2,2,1,0,,N,,2025-04-18,오유경(yuyu66),2025년,04월,3주
