번호,사업명,권역,년도,월,주차,수거일,지역1,지역2,환경,방법,종,발생단계,개체수,실험개체수,Pool No.,양성 Pools,비고,확정,확정일자,입력일자,입력자(아이디),조사년도,조사월,조사주
1,기후변화매개체감시거점센터,강원1권,2026,6,3주,2026-06-16,강원,화천군,무덤,Trap,Haemaphysalis longicornis,Nymph,3,2,1,0,참진드기,Y,2026-06-23,2026-06-19,정태동(skyjtd15),2026년,06월,3주
2,기후변화매개체감시거점센터,강원1권,2026,6,3주,2026-06-16,강원,화천군,무덤,Trap,Haemaphysalis longicornis,Male,2,1,1,0,참진드기,Y,2026-06-23,2026-06-19,정태동(skyjtd15),2026년,06월,3주
3,기후변화매개체감시거점센터,강원1권,2026,6,3주,2026-06-16,강원,화천군,무덤,Trap,Haemaphysalis longicornis,Female,10,5,1,0,참진드기,Y,2026-06-23,2026-06-19,정태동(skyjtd15),2026년,06월,3주
4,기후변화매개체감시거점센터,강원1권,2026,6,3주,2026-06-16,강원,화천군,산길,Trap,Haemaphysalis flava,Female,1,1,1,0,참진드기,Y,2026-06-23,2026-06-19,정태동(skyjtd15),2026년,06월,3주
5,기후변화매개체감시거점센터,강원1권,2026,6,3주,2026-06-16,강원,화천군,산길,Trap,Haemaphysalis longicornis,Nymph,9,5,1,0,참진드기,Y,2026-06-23,2026-06-19,정태동(skyjtd15),2026년,06월,3주
6,기후변화매개체감시거점센터,강원1권,2026,6,3주,2026-06-16,강원,화천군,산길,Trap,Haemaphysalis longicornis,Male,3,2,1,0,참진드기,Y,2026-06-23,2026-06-19,정태동(skyjtd15),2026년,06월,3주
7,기후변화매개체감시거점센터,강원1권,2026,6,3주,2026-06-16,강원,화천군,산길,Trap,Haemaphysalis longicornis,Female,1,1,1,0,참진드기,Y,2026-06-23,2026-06-19,정태동(skyjtd15),2026년,06월,3주
8,기후변화매개체감시거점센터,강원1권,2026,6,3주,2026-06-16,강원,화천군,잡목림,Trap,Haemaphysalis longicornis,Nymph,7,4,1,0,참진드기,Y,2026-06-23,2026-06-19,정태동(skyjtd15),2026년,06월,3주
9,기후변화매개체감시거점센터,강원1권,2026,6,3주,2026-06-16,강원,화천군,잡목림,Trap,Haemaphysalis longicornis,Male,1,1,1,0,참진드기,Y,2026-06-23,2026-06-19,정태동(skyjtd15),2026년,06월,3주
10,기후변화매개체감시거점센터,강원1권,2026,6,3주,2026-06-16,강원,화천군,잡목림,Trap,Haemaphysalis longicornis,Female,5,3,1,0,참진드기,Y,2026-06-23,2026-06-19,정태동(skyjtd15),2026년,06월,3주
11,기후변화매개체감시거점센터,강원1권,2026,6,3주,2026-06-16,강원,화천군,초지,Trap,기타,Larva,6,3,1,0,참진드기,Y,2026-06-23,2026-06-19,정태동(skyjtd15),2026년,06월,3주
12,기후변화매개체감시거점센터,강원1권,2026,6,3주,2026-06-16,강원,화천군,초지,Trap,Haemaphysalis flava,Nymph,1,1,1,0,참진드기,Y,2026-06-23,2026-06-19,정태동(skyjtd15),2026년,06월,3주
13,기후변화매개체감시거점센터,강원1권,2026,6,3주,2026-06-16,강원,화천군,초지,Trap,Haemaphysalis longicornis,Nymph,128,64,3,0,참진드기,Y,2026-06-23,2026-06-19,정태동(skyjtd15),2026년,06월,3주
14,기후변화매개체감시거점센터,강원1권,2026,6,3주,2026-06-16,강원,화천군,초지,Trap,Haemaphysalis longicornis,Male,10,5,1,0,참진드기,Y,2026-06-23,2026-06-19,정태동(skyjtd15),2026년,06월,3주
15,기후변화매개체감시거점센터,강원1권,2026,6,3주,2026-06-16,강원,화천군,초지,Trap,Haemaphysalis longicornis,Female,34,17,4,0,참진드기,Y,2026-06-23,2026-06-19,정태동(skyjtd15),2026년,06월,3주
16,기후변화매개체감시거점센터,강원1권,2026,6,3주,2026-06-16,강원,인제군,무덤,Trap,기타,Larva,6,3,1,0,참진드기,Y,2026-06-23,2026-06-19,정태동(skyjtd15),2026년,06월,3주
17,기후변화매개체감시거점센터,강원1권,2026,6,3주,2026-06-16,강원,인제군,무덤,Trap,Ixodes nipponensis,Female,1,1,1,0,참진드기,Y,2026-06-23,2026-06-19,정태동(skyjtd15),2026년,06월,3주
18,기후변화매개체감시거점센터,강원1권,2026,6,3주,2026-06-16,강원,인제군,무덤,Trap,Haemaphysalis longicornis,Nymph,11,6,1,0,참진드기,Y,2026-06-23,2026-06-19,정태동(skyjtd15),2026년,06월,3주
19,기후변화매개체감시거점센터,강원1권,2026,6,3주,2026-06-16,강원,인제군,무덤,Trap,Haemaphysalis longicornis,Female,9,5,1,0,참진드기,Y,2026-06-23,2026-06-19,정태동(skyjtd15),2026년,06월,3주
20,기후변화매개체감시거점센터,강원1권,2026,6,3주,2026-06-16,강원,인제군,산길,Trap,Haemaphysalis japonica,Female,1,1,1,0,참진드기,Y,2026-06-23,2026-06-19,정태동(skyjtd15),2026년,06월,3주
21,기후변화매개체감시거점센터,강원1권,2026,6,3주,2026-06-16,강원,인제군,산길,Trap,Haemaphysalis flava,Female,1,1,1,0,참진드기,Y,2026-06-23,2026-06-19,정태동(skyjtd15),2026년,06월,3주
22,기후변화매개체감시거점센터,강원1권,2026,6,3주,2026-06-16,강원,인제군,산길,Trap,Haemaphysalis longicornis,Nymph,5,3,1,0,참진드기,Y,2026-06-23,2026-06-19,정태동(skyjtd15),2026년,06월,3주
23,기후변화매개체감시거점센터,강원1권,2026,6,3주,2026-06-16,강원,인제군,산길,Trap,Haemaphysalis longicornis,Female,9,5,1,0,참진드기,Y,2026-06-23,2026-06-19,정태동(skyjtd15),2026년,06월,3주
24,기후변화매개체감시거점센터,강원1권,2026,6,3주,2026-06-16,강원,인제군,잡목림,Trap,기타,Larva,1,1,1,0,참진드기,Y,2026-06-23,2026-06-19,정태동(skyjtd15),2026년,06월,3주
25,기후변화매개체감시거점센터,강원1권,2026,6,3주,2026-06-16,강원,인제군,잡목림,Trap,Haemaphysalis flava,Female,1,1,1,0,참진드기,Y,2026-06-23,2026-06-19,정태동(skyjtd15),2026년,06월,3주
26,기후변화매개체감시거점센터,강원1권,2026,6,3주,2026-06-16,강원,인제군,잡목림,Trap,Haemaphysalis longicornis,Nymph,35,18,1,0,참진드기,Y,2026-06-23,2026-06-19,정태동(skyjtd15),2026년,06월,3주
27,기후변화매개체감시거점센터,강원1권,2026,6,3주,2026-06-16,강원,인제군,잡목림,Trap,Haemaphysalis longicornis,Male,3,2,1,0,참진드기,Y,2026-06-23,2026-06-19,정태동(skyjtd15),2026년,06월,3주
28,기후변화매개체감시거점센터,강원1권,2026,6,3주,2026-06-16,강원,인제군,잡목림,Trap,Haemaphysalis longicornis,Female,49,25,5,0,참진드기,Y,2026-06-23,2026-06-19,정태동(skyjtd15),2026년,06월,3주
29,기후변화매개체감시거점센터,강원1권,2026,6,3주,2026-06-16,강원,인제군,초지,Trap,기타,Larva,32,16,1,0,참진드기,Y,2026-06-23,2026-06-19,정태동(skyjtd15),2026년,06월,3주
30,기후변화매개체감시거점센터,강원1권,2026,6,3주,2026-06-16,강원,인제군,초지,Trap,Haemaphysalis longicornis,Nymph,370,185,7,0,참진드기,Y,2026-06-23,2026-06-19,정태동(skyjtd15),2026년,06월,3주
31,기후변화매개체감시거점센터,강원1권,2026,6,3주,2026-06-16,강원,인제군,초지,Trap,Haemaphysalis longicornis,Male,5,3,1,0,참진드기,Y,2026-06-23,2026-06-19,정태동(skyjtd15),2026년,06월,3주
32,기후변화매개체감시거점센터,강원1권,2026,6,3주,2026-06-16,강원,인제군,초지,Trap,Haemaphysalis longicornis,Female,40,20,4,0,참진드기,Y,2026-06-23,2026-06-19,정태동(skyjtd15),2026년,06월,3주
33,기후변화매개체감시거점센터,강원1권,2026,5,3주,2026-05-19,강원,화천군,무덤,Trap,Haemaphysalis longicornis,Nymph,5,3,1,0,참진드기,Y,2026-05-27,2026-05-27,정태동(skyjtd15),2026년,05월,3주
34,기후변화매개체감시거점센터,강원1권,2026,5,3주,2026-05-19,강원,화천군,무덤,Trap,Haemaphysalis longicornis,Female,2,1,1,0,참진드기,Y,2026-05-27,2026-05-27,정태동(skyjtd15),2026년,05월,3주
35,기후변화매개체감시거점센터,강원1권,2026,5,3주,2026-05-19,강원,화천군,산길,Trap,기타,Larva,1,1,1,0,참진드기,Y,2026-05-27,2026-05-27,정태동(skyjtd15),2026년,05월,3주
36,기후변화매개체감시거점센터,강원1권,2026,5,3주,2026-05-19,강원,화천군,산길,Trap,Haemaphysalis longicornis,Nymph,2,1,1,0,참진드기,Y,2026-05-27,2026-05-27,정태동(skyjtd15),2026년,05월,3주
37,기후변화매개체감시거점센터,강원1권,2026,5,3주,2026-05-19,강원,화천군,산길,Trap,Haemaphysalis longicornis,Female,1,1,1,0,참진드기,Y,2026-05-27,2026-05-27,정태동(skyjtd15),2026년,05월,3주
38,기후변화매개체감시거점센터,강원1권,2026,5,3주,2026-05-19,강원,화천군,잡목림,Trap,Haemaphysalis longicornis,Nymph,1,1,1,0,참진드기,Y,2026-05-27,2026-05-27,정태동(skyjtd15),2026년,05월,3주
39,기후변화매개체감시거점센터,강원1권,2026,5,3주,2026-05-19,강원,화천군,잡목림,Trap,Haemaphysalis longicornis,Female,1,1,1,0,참진드기,Y,2026-05-27,2026-05-27,정태동(skyjtd15),2026년,05월,3주
40,기후변화매개체감시거점센터,강원1권,2026,5,3주,2026-05-19,강원,화천군,초지,Trap,Haemaphysalis flava,Nymph,1,1,1,0,참진드기,Y,2026-05-27,2026-05-27,정태동(skyjtd15),2026년,05월,3주
41,기후변화매개체감시거점센터,강원1권,2026,5,3주,2026-05-19,강원,화천군,초지,Trap,Haemaphysalis longicornis,Nymph,80,40,2,0,참진드기,Y,2026-05-27,2026-05-27,정태동(skyjtd15),2026년,05월,3주
42,기후변화매개체감시거점센터,강원1권,2026,5,3주,2026-05-19,강원,화천군,초지,Trap,Haemaphysalis longicornis,Male,3,2,1,0,참진드기,Y,2026-05-27,2026-05-27,정태동(skyjtd15),2026년,05월,3주
43,기후변화매개체감시거점센터,강원1권,2026,5,3주,2026-05-19,강원,화천군,초지,Trap,Haemaphysalis longicornis,Female,9,5,1,0,참진드기,Y,2026-05-27,2026-05-27,정태동(skyjtd15),2026년,05월,3주
44,기후변화매개체감시거점센터,강원1권,2026,5,3주,2026-05-19,강원,인제군,무덤,Trap,Haemaphysalis longicornis,Nymph,8,4,1,0,참진드기,Y,2026-05-27,2026-05-27,정태동(skyjtd15),2026년,05월,3주
45,기후변화매개체감시거점센터,강원1권,2026,5,3주,2026-05-19,강원,인제군,무덤,Trap,Haemaphysalis longicornis,Female,1,1,1,0,참진드기,Y,2026-05-27,2026-05-27,정태동(skyjtd15),2026년,05월,3주
46,기후변화매개체감시거점센터,강원1권,2026,5,3주,2026-05-19,강원,인제군,산길,Trap,Ixodes nipponensis,Male,1,1,1,0,참진드기,Y,2026-05-27,2026-05-27,정태동(skyjtd15),2026년,05월,3주
47,기후변화매개체감시거점센터,강원1권,2026,5,3주,2026-05-19,강원,인제군,산길,Trap,Haemaphysalis japonica,Male,1,1,1,0,참진드기,Y,2026-05-27,2026-05-27,정태동(skyjtd15),2026년,05월,3주
48,기후변화매개체감시거점센터,강원1권,2026,5,3주,2026-05-19,강원,인제군,산길,Trap,Haemaphysalis flava,Nymph,1,1,1,0,참진드기,Y,2026-05-27,2026-05-27,정태동(skyjtd15),2026년,05월,3주
49,기후변화매개체감시거점센터,강원1권,2026,5,3주,2026-05-19,강원,인제군,산길,Trap,Haemaphysalis flava,Female,1,1,1,0,참진드기,Y,2026-05-27,2026-05-27,정태동(skyjtd15),2026년,05월,3주
50,기후변화매개체감시거점센터,강원1권,2026,5,3주,2026-05-19,강원,인제군,산길,Trap,Haemaphysalis longicornis,Nymph,16,8,1,0,참진드기,Y,2026-05-27,2026-05-27,정태동(skyjtd15),2026년,05월,3주
51,기후변화매개체감시거점센터,강원1권,2026,5,3주,2026-05-19,강원,인제군,산길,Trap,Haemaphysalis longicornis,Female,6,3,1,0,참진드기,Y,2026-05-27,2026-05-27,정태동(skyjtd15),2026년,05월,3주
52,기후변화매개체감시거점센터,강원1권,2026,5,3주,2026-05-19,강원,인제군,잡목림,Trap,Haemaphysalis longicornis,Nymph,17,9,1,0,참진드기,Y,2026-05-27,2026-05-27,정태동(skyjtd15),2026년,05월,3주
53,기후변화매개체감시거점센터,강원1권,2026,5,3주,2026-05-19,강원,인제군,잡목림,Trap,Haemaphysalis longicornis,Male,11,6,2,0,참진드기,Y,2026-05-27,2026-05-27,정태동(skyjtd15),2026년,05월,3주
54,기후변화매개체감시거점센터,강원1권,2026,5,3주,2026-05-19,강원,인제군,잡목림,Trap,Haemaphysalis longicornis,Female,18,9,2,0,참진드기,Y,2026-05-27,2026-05-27,정태동(skyjtd15),2026년,05월,3주
55,기후변화매개체감시거점센터,강원1권,2026,5,3주,2026-05-19,강원,인제군,초지,Trap,기타,Larva,33,17,1,0,참진드기,Y,2026-05-27,2026-05-27,정태동(skyjtd15),2026년,05월,3주
56,기후변화매개체감시거점센터,강원1권,2026,5,3주,2026-05-19,강원,인제군,초지,Trap,Haemaphysalis longicornis,Nymph,351,176,6,0,참진드기,Y,2026-05-27,2026-05-27,정태동(skyjtd15),2026년,05월,3주
57,기후변화매개체감시거점센터,강원1권,2026,5,3주,2026-05-19,강원,인제군,초지,Trap,Haemaphysalis longicornis,Male,7,4,1,0,참진드기,Y,2026-05-27,2026-05-27,정태동(skyjtd15),2026년,05월,3주
58,기후변화매개체감시거점센터,강원1권,2026,5,3주,2026-05-19,강원,인제군,초지,Trap,Haemaphysalis longicornis,Female,6,3,1,0,참진드기,Y,2026-05-27,2026-05-27,정태동(skyjtd15),2026년,05월,3주
59,기후변화매개체감시거점센터,강원1권,2026,4,2주,2026-04-14,강원,화천군,무덤,Trap,Haemaphysalis longicornis,Nymph,2,1,1,0,참진드기,Y,2026-04-21,2026-04-17,정태동(skyjtd15),2026년,04월,2주
60,기후변화매개체감시거점센터,강원1권,2026,4,2주,2026-04-14,강원,화천군,산길,Trap,Haemaphysalis japonica,Nymph,1,1,1,0,참진드기,Y,2026-04-21,2026-04-17,정태동(skyjtd15),2026년,04월,2주
61,기후변화매개체감시거점센터,강원1권,2026,4,2주,2026-04-14,강원,화천군,산길,Trap,Haemaphysalis flava,Female,1,1,1,0,참진드기,Y,2026-04-21,2026-04-17,정태동(skyjtd15),2026년,04월,2주
62,기후변화매개체감시거점센터,강원1권,2026,4,2주,2026-04-14,강원,화천군,산길,Trap,Haemaphysalis longicornis,Nymph,2,1,1,0,참진드기,Y,2026-04-21,2026-04-17,정태동(skyjtd15),2026년,04월,2주
63,기후변화매개체감시거점센터,강원1권,2026,4,2주,2026-04-14,강원,화천군,산길,Trap,Haemaphysalis longicornis,Female,1,1,1,0,참진드기,Y,2026-04-21,2026-04-17,정태동(skyjtd15),2026년,04월,2주
64,기후변화매개체감시거점센터,강원1권,2026,4,2주,2026-04-14,강원,화천군,잡목림,Trap,Haemaphysalis flava,Nymph,1,1,1,0,참진드기,Y,2026-04-21,2026-04-17,정태동(skyjtd15),2026년,04월,2주
65,기후변화매개체감시거점센터,강원1권,2026,4,2주,2026-04-14,강원,화천군,잡목림,Trap,Haemaphysalis longicornis,Nymph,12,6,1,0,참진드기,Y,2026-04-21,2026-04-17,정태동(skyjtd15),2026년,04월,2주
66,기후변화매개체감시거점센터,강원1권,2026,4,2주,2026-04-14,강원,화천군,초지,Trap,Haemaphysalis longicornis,Nymph,17,9,1,0,참진드기,Y,2026-04-21,2026-04-17,정태동(skyjtd15),2026년,04월,2주
67,기후변화매개체감시거점센터,강원1권,2026,4,2주,2026-04-14,강원,인제군,무덤,Trap,Haemaphysalis flava,Female,1,1,1,0,참진드기,Y,2026-04-21,2026-04-17,정태동(skyjtd15),2026년,04월,2주
68,기후변화매개체감시거점센터,강원1권,2026,4,2주,2026-04-14,강원,인제군,무덤,Trap,Haemaphysalis longicornis,Nymph,12,6,1,0,참진드기,Y,2026-04-21,2026-04-17,정태동(skyjtd15),2026년,04월,2주
69,기후변화매개체감시거점센터,강원1권,2026,4,2주,2026-04-14,강원,인제군,무덤,Trap,Haemaphysalis longicornis,Female,4,2,1,0,참진드기,Y,2026-04-21,2026-04-17,정태동(skyjtd15),2026년,04월,2주
70,기후변화매개체감시거점센터,강원1권,2026,4,2주,2026-04-14,강원,인제군,산길,Trap,Haemaphysalis flava,Male,1,1,1,0,참진드기,Y,2026-04-21,2026-04-17,정태동(skyjtd15),2026년,04월,2주
71,기후변화매개체감시거점센터,강원1권,2026,4,2주,2026-04-14,강원,인제군,산길,Trap,Haemaphysalis flava,Female,1,1,1,0,참진드기,Y,2026-04-21,2026-04-17,정태동(skyjtd15),2026년,04월,2주
72,기후변화매개체감시거점센터,강원1권,2026,4,2주,2026-04-14,강원,인제군,산길,Trap,Haemaphysalis longicornis,Nymph,1,1,1,0,참진드기,Y,2026-04-21,2026-04-17,정태동(skyjtd15),2026년,04월,2주
73,기후변화매개체감시거점센터,강원1권,2026,4,2주,2026-04-14,강원,인제군,산길,Trap,Haemaphysalis longicornis,Female,1,1,1,0,참진드기,Y,2026-04-21,2026-04-17,정태동(skyjtd15),2026년,04월,2주
74,기후변화매개체감시거점센터,강원1권,2026,4,2주,2026-04-14,강원,인제군,잡목림,Trap,Haemaphysalis japonica,Nymph,1,1,1,0,참진드기,Y,2026-04-21,2026-04-17,정태동(skyjtd15),2026년,04월,2주
75,기후변화매개체감시거점센터,강원1권,2026,4,2주,2026-04-14,강원,인제군,잡목림,Trap,Haemaphysalis flava,Nymph,1,1,1,0,참진드기,Y,2026-04-21,2026-04-17,정태동(skyjtd15),2026년,04월,2주
76,기후변화매개체감시거점센터,강원1권,2026,4,2주,2026-04-14,강원,인제군,잡목림,Trap,Haemaphysalis flava,Female,1,1,1,0,참진드기,Y,2026-04-21,2026-04-17,정태동(skyjtd15),2026년,04월,2주
77,기후변화매개체감시거점센터,강원1권,2026,4,2주,2026-04-14,강원,인제군,잡목림,Trap,Haemaphysalis longicornis,Nymph,7,4,1,0,참진드기,Y,2026-04-21,2026-04-17,정태동(skyjtd15),2026년,04월,2주
78,기후변화매개체감시거점센터,강원1권,2026,4,2주,2026-04-14,강원,인제군,잡목림,Trap,Haemaphysalis longicornis,Female,4,2,1,0,참진드기,Y,2026-04-21,2026-04-17,정태동(skyjtd15),2026년,04월,2주
79,기후변화매개체감시거점센터,강원1권,2026,4,2주,2026-04-14,강원,인제군,초지,Trap,기타,Larva,5,3,1,0,참진드기,Y,2026-04-21,2026-04-17,정태동(skyjtd15),2026년,04월,2주
80,기후변화매개체감시거점센터,강원1권,2026,4,2주,2026-04-14,강원,인제군,초지,Trap,Ixodes nipponensis,Female,1,1,1,0,참진드기,Y,2026-04-21,2026-04-17,정태동(skyjtd15),2026년,04월,2주
81,기후변화매개체감시거점센터,강원1권,2026,4,2주,2026-04-14,강원,인제군,초지,Trap,Haemaphysalis flava,Female,1,1,1,0,참진드기,Y,2026-04-21,2026-04-17,정태동(skyjtd15),2026년,04월,2주
82,기후변화매개체감시거점센터,강원1권,2026,4,2주,2026-04-14,강원,인제군,초지,Trap,Haemaphysalis longicornis,Nymph,77,39,2,0,참진드기,Y,2026-04-21,2026-04-17,정태동(skyjtd15),2026년,04월,2주
83,기후변화매개체감시거점센터,강원1권,2026,4,2주,2026-04-14,강원,인제군,초지,Trap,Haemaphysalis longicornis,Male,2,1,1,0,참진드기,Y,2026-04-21,2026-04-17,정태동(skyjtd15),2026년,04월,2주
84,기후변화매개체감시거점센터,강원1권,2025,11,3주,2025-11-17,강원,인제군,무덤,Trap,기타,Larva,1,1,1,0,참진드기,Y,2025-11-19,2025-11-19,정태동(skyjtd15),2025년,11월,3주
85,기후변화매개체감시거점센터,강원1권,2025,11,3주,2025-11-17,강원,인제군,초지,Trap,Haemaphysalis flava,Female,1,1,1,0,참진드기,Y,2025-11-19,2025-11-19,정태동(skyjtd15),2025년,11월,3주
86,기후변화매개체감시거점센터,강원1권,2025,10,3주,2025-10-16,강원,인제군,무덤,Trap,기타,Larva,36,18,1,0,참진드기,Y,2025-10-28,2025-10-28,정태동(skyjtd15),2025년,10월,3주
87,기후변화매개체감시거점센터,강원1권,2025,10,3주,2025-10-16,강원,인제군,무덤,Trap,Haemaphysalis flava,Nymph,5,3,1,0,참진드기,Y,2025-10-28,2025-10-28,정태동(skyjtd15),2025년,10월,3주
88,기후변화매개체감시거점센터,강원1권,2025,10,3주,2025-10-16,강원,인제군,무덤,Trap,Haemaphysalis flava,Male,5,3,1,0,참진드기,Y,2025-10-28,2025-10-28,정태동(skyjtd15),2025년,10월,3주
89,기후변화매개체감시거점센터,강원1권,2025,10,3주,2025-10-16,강원,인제군,무덤,Trap,Haemaphysalis flava,Female,1,1,1,0,참진드기,Y,2025-10-28,2025-10-28,정태동(skyjtd15),2025년,10월,3주
90,기후변화매개체감시거점센터,강원1권,2025,10,3주,2025-10-16,강원,인제군,무덤,Trap,Haemaphysalis longicornis,Female,1,1,1,0,참진드기,Y,2025-10-28,2025-10-28,정태동(skyjtd15),2025년,10월,3주
91,기후변화매개체감시거점센터,강원1권,2025,10,3주,2025-10-16,강원,인제군,산길,Trap,Haemaphysalis flava,Nymph,1,1,1,0,참진드기,Y,2025-10-28,2025-10-28,정태동(skyjtd15),2025년,10월,3주
92,기후변화매개체감시거점센터,강원1권,2025,10,3주,2025-10-16,강원,인제군,산길,Trap,Haemaphysalis flava,Male,2,1,1,0,참진드기,Y,2025-10-28,2025-10-28,정태동(skyjtd15),2025년,10월,3주
93,기후변화매개체감시거점센터,강원1권,2025,10,3주,2025-10-16,강원,인제군,산길,Trap,Haemaphysalis flava,Female,6,3,1,0,참진드기,Y,2025-10-28,2025-10-28,정태동(skyjtd15),2025년,10월,3주
94,기후변화매개체감시거점센터,강원1권,2025,10,3주,2025-10-16,강원,인제군,산길,Trap,Haemaphysalis longicornis,Female,1,1,1,0,참진드기,Y,2025-10-28,2025-10-28,정태동(skyjtd15),2025년,10월,3주
95,기후변화매개체감시거점센터,강원1권,2025,10,3주,2025-10-16,강원,인제군,잡목림,Trap,기타,Larva,6,3,1,0,참진드기,Y,2025-10-28,2025-10-28,정태동(skyjtd15),2025년,10월,3주
96,기후변화매개체감시거점센터,강원1권,2025,10,3주,2025-10-16,강원,인제군,잡목림,Trap,Haemaphysalis flava,Nymph,7,4,1,0,참진드기,Y,2025-10-28,2025-10-28,정태동(skyjtd15),2025년,10월,3주
97,기후변화매개체감시거점센터,강원1권,2025,10,3주,2025-10-16,강원,인제군,잡목림,Trap,Haemaphysalis flava,Male,4,2,1,0,참진드기,Y,2025-10-28,2025-10-28,정태동(skyjtd15),2025년,10월,3주
98,기후변화매개체감시거점센터,강원1권,2025,10,3주,2025-10-16,강원,인제군,잡목림,Trap,Haemaphysalis longicornis,Female,6,3,1,0,참진드기,Y,2025-10-28,2025-10-28,정태동(skyjtd15),2025년,10월,3주
99,기후변화매개체감시거점센터,강원1권,2025,10,3주,2025-10-16,강원,인제군,초지,Trap,기타,Larva,221,111,5,0,참진드기,Y,2025-10-28,2025-10-28,정태동(skyjtd15),2025년,10월,3주
100,기후변화매개체감시거점센터,강원1권,2025,10,3주,2025-10-16,강원,인제군,초지,Trap,Haemaphysalis flava,Female,6,3,1,0,참진드기,Y,2025-10-28,2025-10-28,정태동(skyjtd15),2025년,10월,3주
101,기후변화매개체감시거점센터,강원1권,2025,10,3주,2025-10-16,강원,인제군,초지,Trap,Haemaphysalis longicornis,Nymph,1,1,1,0,참진드기,Y,2025-10-28,2025-10-28,정태동(skyjtd15),2025년,10월,3주
102,기후변화매개체감시거점센터,강원1권,2025,9,3주,2025-09-15,강원,인제군,무덤,Trap,기타,Larva,1459,730,15,0,참진드기,Y,2025-09-18,2025-09-17,정태동(skyjtd15),2025년,09월,3주
103,기후변화매개체감시거점센터,강원1권,2025,9,3주,2025-09-15,강원,인제군,무덤,Trap,Haemaphysalis flava,Male,2,1,1,0,참진드기,Y,2025-09-18,2025-09-17,정태동(skyjtd15),2025년,09월,3주
104,기후변화매개체감시거점센터,강원1권,2025,9,3주,2025-09-15,강원,인제군,무덤,Trap,Haemaphysalis longicornis,Nymph,2,1,1,0,참진드기,Y,2025-09-18,2025-09-17,정태동(skyjtd15),2025년,09월,3주
105,기후변화매개체감시거점센터,강원1권,2025,9,3주,2025-09-15,강원,인제군,무덤,Trap,Haemaphysalis longicornis,Female,1,1,1,0,참진드기,Y,2025-09-18,2025-09-17,정태동(skyjtd15),2025년,09월,3주
106,기후변화매개체감시거점센터,강원1권,2025,9,3주,2025-09-15,강원,인제군,산길,Trap,기타,Larva,66,33,1,0,참진드기,Y,2025-09-18,2025-09-17,정태동(skyjtd15),2025년,09월,3주
107,기후변화매개체감시거점센터,강원1권,2025,9,3주,2025-09-15,강원,인제군,산길,Trap,Haemaphysalis flava,Male,12,6,2,0,참진드기,Y,2025-09-18,2025-09-17,정태동(skyjtd15),2025년,09월,3주
108,기후변화매개체감시거점센터,강원1권,2025,9,3주,2025-09-15,강원,인제군,산길,Trap,Haemaphysalis flava,Female,8,4,1,0,참진드기,Y,2025-09-18,2025-09-17,정태동(skyjtd15),2025년,09월,3주
109,기후변화매개체감시거점센터,강원1권,2025,9,3주,2025-09-15,강원,인제군,산길,Trap,Haemaphysalis longicornis,Nymph,1,1,1,0,참진드기,Y,2025-09-18,2025-09-17,정태동(skyjtd15),2025년,09월,3주
110,기후변화매개체감시거점센터,강원1권,2025,9,3주,2025-09-15,강원,인제군,잡목림,Trap,기타,Larva,236,118,3,0,참진드기,Y,2025-09-18,2025-09-17,정태동(skyjtd15),2025년,09월,3주
111,기후변화매개체감시거점센터,강원1권,2025,9,3주,2025-09-15,강원,인제군,잡목림,Trap,Haemaphysalis flava,Male,6,3,1,0,참진드기,Y,2025-09-18,2025-09-17,정태동(skyjtd15),2025년,09월,3주
112,기후변화매개체감시거점센터,강원1권,2025,9,3주,2025-09-15,강원,인제군,잡목림,Trap,Haemaphysalis flava,Female,3,2,1,0,참진드기,Y,2025-09-18,2025-09-17,정태동(skyjtd15),2025년,09월,3주
113,기후변화매개체감시거점센터,강원1권,2025,9,3주,2025-09-15,강원,인제군,잡목림,Trap,Haemaphysalis longicornis,Nymph,3,2,1,0,참진드기,Y,2025-09-18,2025-09-17,정태동(skyjtd15),2025년,09월,3주
114,기후변화매개체감시거점센터,강원1권,2025,9,3주,2025-09-15,강원,인제군,초지,Trap,기타,Larva,1242,621,13,0,참진드기,Y,2025-09-18,2025-09-17,정태동(skyjtd15),2025년,09월,3주
115,기후변화매개체감시거점센터,강원1권,2025,9,3주,2025-09-15,강원,인제군,초지,Trap,Haemaphysalis flava,Nymph,1,1,1,0,참진드기,Y,2025-09-18,2025-09-17,정태동(skyjtd15),2025년,09월,3주
116,기후변화매개체감시거점센터,강원1권,2025,9,3주,2025-09-15,강원,인제군,초지,Trap,Haemaphysalis flava,Male,1,1,1,0,참진드기,Y,2025-09-18,2025-09-17,정태동(skyjtd15),2025년,09월,3주
117,기후변화매개체감시거점센터,강원1권,2025,9,3주,2025-09-15,강원,인제군,초지,Trap,Haemaphysalis flava,Female,2,1,1,0,참진드기,Y,2025-09-18,2025-09-17,정태동(skyjtd15),2025년,09월,3주
118,기후변화매개체감시거점센터,강원1권,2025,9,3주,2025-09-15,강원,인제군,초지,Trap,Haemaphysalis longicornis,Nymph,9,5,1,0,참진드기,Y,2025-09-18,2025-09-17,정태동(skyjtd15),2025년,09월,3주
119,기후변화매개체감시거점센터,강원1권,2025,8,3주,2025-08-19,강원,인제군,무덤,Trap,기타,Larva,319,160,4,0,참진드기,Y,2025-08-27,2025-08-26,정태동(skyjtd15),2025년,08월,3주
120,기후변화매개체감시거점센터,강원1권,2025,8,3주,2025-08-19,강원,인제군,무덤,Trap,Haemaphysalis longicornis,Nymph,5,3,1,0,참진드기,Y,2025-08-27,2025-08-26,정태동(skyjtd15),2025년,08월,3주
121,기후변화매개체감시거점센터,강원1권,2025,8,3주,2025-08-19,강원,인제군,무덤,Trap,Haemaphysalis longicornis,Female,8,4,1,0,참진드기,Y,2025-08-27,2025-08-26,정태동(skyjtd15),2025년,08월,3주
122,기후변화매개체감시거점센터,강원1권,2025,8,3주,2025-08-19,강원,인제군,산길,Trap,기타,Larva,725,363,8,0,참진드기,Y,2025-08-27,2025-08-26,정태동(skyjtd15),2025년,08월,3주
123,기후변화매개체감시거점센터,강원1권,2025,8,3주,2025-08-19,강원,인제군,산길,Trap,Haemaphysalis longicornis,Nymph,3,2,1,0,참진드기,Y,2025-08-27,2025-08-26,정태동(skyjtd15),2025년,08월,3주
124,기후변화매개체감시거점센터,강원1권,2025,8,3주,2025-08-19,강원,인제군,산길,Trap,Haemaphysalis longicornis,Female,11,6,2,0,참진드기,Y,2025-08-27,2025-08-26,정태동(skyjtd15),2025년,08월,3주
125,기후변화매개체감시거점센터,강원1권,2025,8,3주,2025-08-19,강원,인제군,잡목림,Trap,기타,Larva,3705,1853,38,0,참진드기,Y,2025-08-27,2025-08-26,정태동(skyjtd15),2025년,08월,3주
126,기후변화매개체감시거점센터,강원1권,2025,8,3주,2025-08-19,강원,인제군,잡목림,Trap,Haemaphysalis longicornis,Nymph,23,12,1,0,참진드기,Y,2025-08-27,2025-08-26,정태동(skyjtd15),2025년,08월,3주
127,기후변화매개체감시거점센터,강원1권,2025,8,3주,2025-08-19,강원,인제군,잡목림,Trap,Haemaphysalis longicornis,Female,26,13,3,0,참진드기,Y,2025-08-27,2025-08-26,정태동(skyjtd15),2025년,08월,3주
128,기후변화매개체감시거점센터,강원1권,2025,8,3주,2025-08-19,강원,인제군,초지,Trap,기타,Larva,755,378,8,0,참진드기,Y,2025-08-27,2025-08-26,정태동(skyjtd15),2025년,08월,3주
129,기후변화매개체감시거점센터,강원1권,2025,8,3주,2025-08-19,강원,인제군,초지,Trap,Haemaphysalis longicornis,Nymph,56,28,1,0,참진드기,Y,2025-08-27,2025-08-26,정태동(skyjtd15),2025년,08월,3주
130,기후변화매개체감시거점센터,강원1권,2025,8,3주,2025-08-19,강원,인제군,초지,Trap,Haemaphysalis longicornis,Female,14,7,2,0,참진드기,Y,2025-08-27,2025-08-26,정태동(skyjtd15),2025년,08월,3주
131,기후변화매개체감시거점센터,강원1권,2025,7,4주,2025-07-22,강원,인제군,무덤,Trap,기타,Larva,932,466,10,0,참진드기,Y,2025-08-01,2025-07-24,정태동(skyjtd15),2025년,07월,4주
132,기후변화매개체감시거점센터,강원1권,2025,7,4주,2025-07-22,강원,인제군,무덤,Trap,Haemaphysalis longicornis,Nymph,28,14,1,0,참진드기,Y,2025-08-01,2025-07-24,정태동(skyjtd15),2025년,07월,4주
133,기후변화매개체감시거점센터,강원1권,2025,7,4주,2025-07-22,강원,인제군,무덤,Trap,Haemaphysalis longicornis,Male,1,1,1,0,참진드기,Y,2025-08-01,2025-07-24,정태동(skyjtd15),2025년,07월,4주
134,기후변화매개체감시거점센터,강원1권,2025,7,4주,2025-07-22,강원,인제군,무덤,Trap,Haemaphysalis longicornis,Female,154,77,16,0,참진드기,Y,2025-08-01,2025-07-24,정태동(skyjtd15),2025년,07월,4주
135,기후변화매개체감시거점센터,강원1권,2025,7,4주,2025-07-22,강원,인제군,산길,Trap,기타,Larva,3,2,1,0,참진드기,Y,2025-08-01,2025-07-24,정태동(skyjtd15),2025년,07월,4주
136,기후변화매개체감시거점센터,강원1권,2025,7,4주,2025-07-22,강원,인제군,산길,Trap,Haemaphysalis flava,Nymph,1,1,1,0,참진드기,Y,2025-08-01,2025-07-24,정태동(skyjtd15),2025년,07월,4주
137,기후변화매개체감시거점센터,강원1권,2025,7,4주,2025-07-22,강원,인제군,산길,Trap,Haemaphysalis flava,Female,1,1,1,0,참진드기,Y,2025-08-01,2025-07-24,정태동(skyjtd15),2025년,07월,4주
138,기후변화매개체감시거점센터,강원1권,2025,7,4주,2025-07-22,강원,인제군,산길,Trap,Haemaphysalis longicornis,Nymph,45,23,1,0,참진드기,Y,2025-08-01,2025-07-24,정태동(skyjtd15),2025년,07월,4주
139,기후변화매개체감시거점센터,강원1권,2025,7,4주,2025-07-22,강원,인제군,산길,Trap,Haemaphysalis longicornis,Male,2,1,1,0,참진드기,Y,2025-08-01,2025-07-24,정태동(skyjtd15),2025년,07월,4주
140,기후변화매개체감시거점센터,강원1권,2025,7,4주,2025-07-22,강원,인제군,산길,Trap,Haemaphysalis longicornis,Female,200,100,20,0,참진드기,Y,2025-08-01,2025-07-24,정태동(skyjtd15),2025년,07월,4주
141,기후변화매개체감시거점센터,강원1권,2025,7,4주,2025-07-22,강원,인제군,잡목림,Trap,Haemaphysalis longicornis,Nymph,31,16,1,0,참진드기,Y,2025-08-01,2025-07-24,정태동(skyjtd15),2025년,07월,4주
142,기후변화매개체감시거점센터,강원1권,2025,7,4주,2025-07-22,강원,인제군,잡목림,Trap,Haemaphysalis longicornis,Female,152,76,16,0,참진드기,Y,2025-08-01,2025-07-24,정태동(skyjtd15),2025년,07월,4주
143,기후변화매개체감시거점센터,강원1권,2025,7,4주,2025-07-22,강원,인제군,초지,Trap,Haemaphysalis japonica,Nymph,1,1,1,0,참진드기,Y,2025-08-01,2025-07-24,정태동(skyjtd15),2025년,07월,4주
144,기후변화매개체감시거점센터,강원1권,2025,7,4주,2025-07-22,강원,인제군,초지,Trap,Haemaphysalis longicornis,Nymph,59,30,1,0,참진드기,Y,2025-08-01,2025-07-24,정태동(skyjtd15),2025년,07월,4주
145,기후변화매개체감시거점센터,강원1권,2025,7,4주,2025-07-22,강원,인제군,초지,Trap,Haemaphysalis longicornis,Male,1,1,1,0,참진드기,Y,2025-08-01,2025-07-24,정태동(skyjtd15),2025년,07월,4주
146,기후변화매개체감시거점센터,강원1권,2025,7,4주,2025-07-22,강원,인제군,초지,Trap,Haemaphysalis longicornis,Female,128,64,13,0,참진드기,Y,2025-08-01,2025-07-24,정태동(skyjtd15),2025년,07월,4주
147,기후변화매개체감시거점센터,강원1권,2025,6,3주,2025-06-18,강원,인제군,무덤,Trap,기타,Larva,2,1,1,0,참진드기,Y,2025-06-24,2025-06-24,정태동(skyjtd15),2025년,06월,3주
148,기후변화매개체감시거점센터,강원1권,2025,6,3주,2025-06-18,강원,인제군,무덤,Trap,Haemaphysalis flava,Female,1,1,1,0,참진드기,Y,2025-06-23,2025-06-23,정태동(skyjtd15),2025년,06월,3주
149,기후변화매개체감시거점센터,강원1권,2025,6,3주,2025-06-18,강원,인제군,무덤,Trap,Haemaphysalis longicornis,Nymph,19,10,1,0,참진드기,Y,2025-06-23,2025-06-23,정태동(skyjtd15),2025년,06월,3주
150,기후변화매개체감시거점센터,강원1권,2025,6,3주,2025-06-18,강원,인제군,무덤,Trap,Haemaphysalis longicornis,Female,19,10,2,0,참진드기,Y,2025-06-23,2025-06-23,정태동(skyjtd15),2025년,06월,3주
151,기후변화매개체감시거점센터,강원1권,2025,6,3주,2025-06-18,강원,인제군,산길,Trap,Haemaphysalis flava,Male,2,1,1,0,참진드기,Y,2025-06-23,2025-06-23,정태동(skyjtd15),2025년,06월,3주
152,기후변화매개체감시거점센터,강원1권,2025,6,3주,2025-06-18,강원,인제군,산길,Trap,Haemaphysalis flava,Female,1,1,1,0,참진드기,Y,2025-06-23,2025-06-23,정태동(skyjtd15),2025년,06월,3주
153,기후변화매개체감시거점센터,강원1권,2025,6,3주,2025-06-18,강원,인제군,산길,Trap,Haemaphysalis longicornis,Nymph,57,29,1,0,참진드기,Y,2025-06-23,2025-06-23,정태동(skyjtd15),2025년,06월,3주
154,기후변화매개체감시거점센터,강원1권,2025,6,3주,2025-06-18,강원,인제군,산길,Trap,Haemaphysalis longicornis,Male,1,1,1,0,참진드기,Y,2025-06-23,2025-06-23,정태동(skyjtd15),2025년,06월,3주
155,기후변화매개체감시거점센터,강원1권,2025,6,3주,2025-06-18,강원,인제군,산길,Trap,Haemaphysalis longicornis,Female,61,31,7,0,참진드기,Y,2025-06-23,2025-06-23,정태동(skyjtd15),2025년,06월,3주
156,기후변화매개체감시거점센터,강원1권,2025,6,3주,2025-06-18,강원,인제군,잡목림,Trap,Haemaphysalis japonica,Female,1,1,1,0,참진드기,Y,2025-06-23,2025-06-23,정태동(skyjtd15),2025년,06월,3주
157,기후변화매개체감시거점센터,강원1권,2025,6,3주,2025-06-18,강원,인제군,잡목림,Trap,Haemaphysalis longicornis,Nymph,17,9,1,0,참진드기,Y,2025-06-23,2025-06-23,정태동(skyjtd15),2025년,06월,3주
158,기후변화매개체감시거점센터,강원1권,2025,6,3주,2025-06-18,강원,인제군,잡목림,Trap,Haemaphysalis longicornis,Male,1,1,1,0,참진드기,Y,2025-06-23,2025-06-23,정태동(skyjtd15),2025년,06월,3주
159,기후변화매개체감시거점센터,강원1권,2025,6,3주,2025-06-18,강원,인제군,잡목림,Trap,Haemaphysalis longicornis,Female,16,8,2,0,참진드기,Y,2025-06-23,2025-06-23,정태동(skyjtd15),2025년,06월,3주
160,기후변화매개체감시거점센터,강원1권,2025,6,3주,2025-06-18,강원,인제군,초지,Trap,Haemaphysalis flava,Male,1,1,1,0,참진드기,Y,2025-06-23,2025-06-23,정태동(skyjtd15),2025년,06월,3주
161,기후변화매개체감시거점센터,강원1권,2025,6,3주,2025-06-18,강원,인제군,초지,Trap,Haemaphysalis flava,Female,1,1,1,0,참진드기,Y,2025-06-23,2025-06-23,정태동(skyjtd15),2025년,06월,3주
162,기후변화매개체감시거점센터,강원1권,2025,6,3주,2025-06-18,강원,인제군,초지,Trap,Haemaphysalis longicornis,Nymph,171,86,3,0,참진드기,Y,2025-06-23,2025-06-23,정태동(skyjtd15),2025년,06월,3주
163,기후변화매개체감시거점센터,강원1권,2025,6,3주,2025-06-18,강원,인제군,초지,Trap,Haemaphysalis longicornis,Male,2,1,1,0,참진드기,Y,2025-06-23,2025-06-23,정태동(skyjtd15),2025년,06월,3주
164,기후변화매개체감시거점센터,강원1권,2025,6,3주,2025-06-18,강원,인제군,초지,Trap,Haemaphysalis longicornis,Female,9,5,1,0,참진드기,Y,2025-06-23,2025-06-23,정태동(skyjtd15),2025년,06월,3주
165,기후변화매개체감시거점센터,강원1권,2025,5,2주,2025-05-13,강원,인제군,무덤,Trap,Haemaphysalis flava,Nymph,2,1,1,0,참진드기,Y,2025-05-19,2025-05-16,정태동(skyjtd15),2025년,05월,2주
166,기후변화매개체감시거점센터,강원1권,2025,5,2주,2025-05-13,강원,인제군,무덤,Trap,Haemaphysalis flava,Male,1,1,1,0,참진드기,Y,2025-05-19,2025-05-16,정태동(skyjtd15),2025년,05월,2주
167,기후변화매개체감시거점센터,강원1권,2025,5,2주,2025-05-13,강원,인제군,무덤,Trap,Haemaphysalis longicornis,Nymph,13,7,1,0,참진드기,Y,2025-05-19,2025-05-16,정태동(skyjtd15),2025년,05월,2주
168,기후변화매개체감시거점센터,강원1권,2025,5,2주,2025-05-13,강원,인제군,무덤,Trap,Haemaphysalis longicornis,Male,1,1,1,0,참진드기,Y,2025-05-19,2025-05-16,정태동(skyjtd15),2025년,05월,2주
169,기후변화매개체감시거점센터,강원1권,2025,5,2주,2025-05-13,강원,인제군,무덤,Trap,Haemaphysalis longicornis,Female,6,3,1,0,참진드기,Y,2025-05-19,2025-05-16,정태동(skyjtd15),2025년,05월,2주
170,기후변화매개체감시거점센터,강원1권,2025,5,2주,2025-05-13,강원,인제군,산길,Trap,Haemaphysalis flava,Nymph,3,2,1,0,참진드기,Y,2025-05-19,2025-05-16,정태동(skyjtd15),2025년,05월,2주
171,기후변화매개체감시거점센터,강원1권,2025,5,2주,2025-05-13,강원,인제군,산길,Trap,Haemaphysalis flava,Male,2,1,1,0,참진드기,Y,2025-05-19,2025-05-16,정태동(skyjtd15),2025년,05월,2주
172,기후변화매개체감시거점센터,강원1권,2025,5,2주,2025-05-13,강원,인제군,산길,Trap,Haemaphysalis flava,Female,2,1,1,0,참진드기,Y,2025-05-19,2025-05-16,정태동(skyjtd15),2025년,05월,2주
173,기후변화매개체감시거점센터,강원1권,2025,5,2주,2025-05-13,강원,인제군,산길,Trap,Haemaphysalis longicornis,Nymph,11,6,1,0,참진드기,Y,2025-05-19,2025-05-16,정태동(skyjtd15),2025년,05월,2주
174,기후변화매개체감시거점센터,강원1권,2025,5,2주,2025-05-13,강원,인제군,산길,Trap,Haemaphysalis longicornis,Female,6,3,1,0,참진드기,Y,2025-05-19,2025-05-16,정태동(skyjtd15),2025년,05월,2주
175,기후변화매개체감시거점센터,강원1권,2025,5,2주,2025-05-13,강원,인제군,잡목림,Trap,Haemaphysalis flava,Nymph,1,1,1,0,참진드기,Y,2025-05-19,2025-05-16,정태동(skyjtd15),2025년,05월,2주
176,기후변화매개체감시거점센터,강원1권,2025,5,2주,2025-05-13,강원,인제군,잡목림,Trap,Haemaphysalis flava,Male,2,1,1,0,참진드기,Y,2025-05-19,2025-05-16,정태동(skyjtd15),2025년,05월,2주
177,기후변화매개체감시거점센터,강원1권,2025,5,2주,2025-05-13,강원,인제군,잡목림,Trap,Haemaphysalis flava,Female,2,1,1,0,참진드기,Y,2025-05-19,2025-05-16,정태동(skyjtd15),2025년,05월,2주
178,기후변화매개체감시거점센터,강원1권,2025,5,2주,2025-05-13,강원,인제군,잡목림,Trap,Haemaphysalis longicornis,Nymph,6,3,1,0,참진드기,Y,2025-05-19,2025-05-16,정태동(skyjtd15),2025년,05월,2주
179,기후변화매개체감시거점센터,강원1권,2025,5,2주,2025-05-13,강원,인제군,잡목림,Trap,Haemaphysalis longicornis,Female,1,1,1,0,참진드기,Y,2025-05-19,2025-05-16,정태동(skyjtd15),2025년,05월,2주
180,기후변화매개체감시거점센터,강원1권,2025,5,2주,2025-05-13,강원,인제군,초지,Trap,Haemaphysalis japonica,Male,1,1,1,0,참진드기,Y,2025-05-19,2025-05-16,정태동(skyjtd15),2025년,05월,2주
181,기후변화매개체감시거점센터,강원1권,2025,5,2주,2025-05-13,강원,인제군,초지,Trap,Haemaphysalis flava,Nymph,1,1,1,0,참진드기,Y,2025-05-19,2025-05-16,정태동(skyjtd15),2025년,05월,2주
182,기후변화매개체감시거점센터,강원1권,2025,5,2주,2025-05-13,강원,인제군,초지,Trap,Haemaphysalis flava,Female,1,1,1,0,참진드기,Y,2025-05-19,2025-05-16,정태동(skyjtd15),2025년,05월,2주
183,기후변화매개체감시거점센터,강원1권,2025,5,2주,2025-05-13,강원,인제군,초지,Trap,Haemaphysalis longicornis,Nymph,126,63,3,0,참진드기,Y,2025-05-19,2025-05-16,정태동(skyjtd15),2025년,05월,2주
184,기후변화매개체감시거점센터,강원1권,2025,5,2주,2025-05-13,강원,인제군,초지,Trap,Haemaphysalis longicornis,Male,1,1,1,0,참진드기,Y,2025-05-19,2025-05-16,정태동(skyjtd15),2025년,05월,2주
185,기후변화매개체감시거점센터,강원1권,2025,5,2주,2025-05-13,강원,인제군,초지,Trap,Haemaphysalis longicornis,Female,4,2,1,0,참진드기,Y,2025-05-19,2025-05-16,정태동(skyjtd15),2025년,05월,2주
186,기후변화매개체감시거점센터,강원1권,2025,4,3주,2025-04-15,강원,인제군,무덤,Trap,Haemaphysalis flava,Nymph,1,1,1,0,참진드기,Y,2025-04-21,2025-04-18,정태동(skyjtd15),2025년,04월,3주
187,기후변화매개체감시거점센터,강원1권,2025,4,3주,2025-04-15,강원,인제군,무덤,Trap,Haemaphysalis flava,Female,1,1,1,0,참진드기,Y,2025-04-21,2025-04-18,정태동(skyjtd15),2025년,04월,3주
188,기후변화매개체감시거점센터,강원1권,2025,4,3주,2025-04-15,강원,인제군,무덤,Trap,Haemaphysalis longicornis,Nymph,10,5,1,0,참진드기,Y,2025-04-21,2025-04-18,정태동(skyjtd15),2025년,04월,3주
189,기후변화매개체감시거점센터,강원1권,2025,4,3주,2025-04-15,강원,인제군,무덤,Trap,Haemaphysalis longicornis,Male,1,1,1,0,참진드기,Y,2025-04-21,2025-04-18,정태동(skyjtd15),2025년,04월,3주
190,기후변화매개체감시거점센터,강원1권,2025,4,3주,2025-04-15,강원,인제군,산길,Trap,Haemaphysalis flava,Male,1,1,1,0,참진드기,Y,2025-04-21,2025-04-18,정태동(skyjtd15),2025년,04월,3주
191,기후변화매개체감시거점센터,강원1권,2025,4,3주,2025-04-15,강원,인제군,산길,Trap,Haemaphysalis flava,Female,2,1,1,0,참진드기,Y,2025-04-21,2025-04-18,정태동(skyjtd15),2025년,04월,3주
192,기후변화매개체감시거점센터,강원1권,2025,4,3주,2025-04-15,강원,인제군,산길,Trap,Haemaphysalis longicornis,Nymph,2,1,1,0,참진드기,Y,2025-04-21,2025-04-18,정태동(skyjtd15),2025년,04월,3주
193,기후변화매개체감시거점센터,강원1권,2025,4,3주,2025-04-15,강원,인제군,산길,Trap,Haemaphysalis longicornis,Female,4,2,1,0,참진드기,Y,2025-04-21,2025-04-18,정태동(skyjtd15),2025년,04월,3주
194,기후변화매개체감시거점센터,강원1권,2025,4,3주,2025-04-15,강원,인제군,잡목림,Trap,Haemaphysalis flava,Nymph,1,1,1,0,참진드기,Y,2025-04-21,2025-04-18,정태동(skyjtd15),2025년,04월,3주
195,기후변화매개체감시거점센터,강원1권,2025,4,3주,2025-04-15,강원,인제군,잡목림,Trap,Haemaphysalis flava,Male,2,1,1,0,참진드기,Y,2025-04-21,2025-04-18,정태동(skyjtd15),2025년,04월,3주
196,기후변화매개체감시거점센터,강원1권,2025,4,3주,2025-04-15,강원,인제군,잡목림,Trap,Haemaphysalis longicornis,Nymph,1,1,1,0,참진드기,Y,2025-04-21,2025-04-18,정태동(skyjtd15),2025년,04월,3주
197,기후변화매개체감시거점센터,강원1권,2025,4,3주,2025-04-15,강원,인제군,잡목림,Trap,Haemaphysalis longicornis,Female,7,4,1,0,참진드기,Y,2025-04-21,2025-04-18,정태동(skyjtd15),2025년,04월,3주
198,기후변화매개체감시거점센터,강원1권,2025,4,3주,2025-04-15,강원,인제군,초지,Trap,Haemaphysalis japonica,Female,3,2,1,0,참진드기,Y,2025-04-21,2025-04-18,정태동(skyjtd15),2025년,04월,3주
199,기후변화매개체감시거점센터,강원1권,2025,4,3주,2025-04-15,강원,인제군,초지,Trap,Haemaphysalis flava,Nymph,1,1,1,0,참진드기,Y,2025-04-21,2025-04-18,정태동(skyjtd15),2025년,04월,3주
200,기후변화매개체감시거점센터,강원1권,2025,4,3주,2025-04-15,강원,인제군,초지,Trap,Haemaphysalis flava,Male,2,1,1,0,참진드기,Y,2025-04-21,2025-04-18,정태동(skyjtd15),2025년,04월,3주
201,기후변화매개체감시거점센터,강원1권,2025,4,3주,2025-04-15,강원,인제군,초지,Trap,Haemaphysalis longicornis,Nymph,1,1,1,0,참진드기,Y,2025-04-21,2025-04-18,정태동(skyjtd15),2025년,04월,3주
202,기후변화매개체감시거점센터,강원1권,2025,4,3주,2025-04-15,강원,인제군,초지,Trap,Haemaphysalis longicornis,Female,1,1,1,0,참진드기,Y,2025-04-21,2025-04-18,정태동(skyjtd15),2025년,04월,3주
203,기후변화매개체감시거점센터,강원1권,2024,11,4주,2024-11-23,강원,인제군,무덤,Trap,기타,Larva,2,1,1,0,참진드기,Y,2024-11-22,2024-11-20,오유경(yuyu66),2024년,11월,4주
204,기후변화매개체감시거점센터,강원1권,2024,11,4주,2024-11-23,강원,인제군,산길,Trap,기타,Larva,1,1,1,0,참진드기,Y,2024-11-22,2024-11-20,오유경(yuyu66),2024년,11월,4주
205,기후변화매개체감시거점센터,강원1권,2024,11,4주,2024-11-23,강원,인제군,잡목림,Trap,기타,Larva,1,1,1,0,참진드기,Y,2024-11-22,2024-11-20,오유경(yuyu66),2024년,11월,4주
206,기후변화매개체감시거점센터,강원1권,2024,11,4주,2024-11-23,강원,인제군,초지,Trap,기타,Larva,7,4,1,0,참진드기,Y,2024-11-22,2024-11-20,오유경(yuyu66),2024년,11월,4주
207,기후변화매개체감시거점센터,강원1권,2024,10,3주,2024-10-19,강원,인제군,무덤,Trap,기타,Larva,317,159,4,0,참진드기,Y,2024-10-18,2024-10-16,오유경(yuyu66),2024년,10월,3주
208,기후변화매개체감시거점센터,강원1권,2024,10,3주,2024-10-19,강원,인제군,무덤,Trap,Haemaphysalis flava,Nymph,1,1,1,0,참진드기,Y,2024-10-18,2024-10-16,오유경(yuyu66),2024년,10월,3주
209,기후변화매개체감시거점센터,강원1권,2024,10,3주,2024-10-19,강원,인제군,무덤,Trap,Haemaphysalis flava,Male,4,2,1,0,참진드기,Y,2024-10-18,2024-10-16,오유경(yuyu66),2024년,10월,3주
210,기후변화매개체감시거점센터,강원1권,2024,10,3주,2024-10-19,강원,인제군,무덤,Trap,Haemaphysalis flava,Female,2,1,1,0,참진드기,Y,2024-10-18,2024-10-16,오유경(yuyu66),2024년,10월,3주
211,기후변화매개체감시거점센터,강원1권,2024,10,3주,2024-10-19,강원,인제군,산길,Trap,기타,Larva,2,1,1,0,참진드기,Y,2024-10-18,2024-10-16,오유경(yuyu66),2024년,10월,3주
212,기후변화매개체감시거점센터,강원1권,2024,10,3주,2024-10-19,강원,인제군,산길,Trap,Haemaphysalis japonica,Male,1,1,1,0,참진드기,Y,2024-10-18,2024-10-16,오유경(yuyu66),2024년,10월,3주
213,기후변화매개체감시거점센터,강원1권,2024,10,3주,2024-10-19,강원,인제군,산길,Trap,Haemaphysalis flava,Nymph,4,2,1,0,참진드기,Y,2024-10-18,2024-10-16,오유경(yuyu66),2024년,10월,3주
214,기후변화매개체감시거점센터,강원1권,2024,10,3주,2024-10-19,강원,인제군,산길,Trap,Haemaphysalis flava,Male,3,2,1,0,참진드기,Y,2024-10-18,2024-10-16,오유경(yuyu66),2024년,10월,3주
215,기후변화매개체감시거점센터,강원1권,2024,10,3주,2024-10-19,강원,인제군,산길,Trap,Haemaphysalis flava,Female,3,2,1,0,참진드기,Y,2024-10-18,2024-10-16,오유경(yuyu66),2024년,10월,3주
216,기후변화매개체감시거점센터,강원1권,2024,10,3주,2024-10-19,강원,인제군,잡목림,Trap,기타,Larva,98,49,1,0,참진드기,Y,2024-10-18,2024-10-16,오유경(yuyu66),2024년,10월,3주
217,기후변화매개체감시거점센터,강원1권,2024,10,3주,2024-10-19,강원,인제군,잡목림,Trap,Haemaphysalis flava,Male,2,1,1,0,참진드기,Y,2024-10-18,2024-10-16,오유경(yuyu66),2024년,10월,3주
218,기후변화매개체감시거점센터,강원1권,2024,10,3주,2024-10-19,강원,인제군,잡목림,Trap,Haemaphysalis flava,Female,1,1,1,0,참진드기,Y,2024-10-18,2024-10-16,오유경(yuyu66),2024년,10월,3주
219,기후변화매개체감시거점센터,강원1권,2024,10,3주,2024-10-19,강원,인제군,잡목림,Trap,Haemaphysalis longicornis,Nymph,1,1,1,0,참진드기,Y,2024-10-18,2024-10-16,오유경(yuyu66),2024년,10월,3주
220,기후변화매개체감시거점센터,강원1권,2024,10,3주,2024-10-19,강원,인제군,초지,Trap,기타,Larva,533,267,6,0,참진드기,Y,2024-10-18,2024-10-16,오유경(yuyu66),2024년,10월,3주
221,기후변화매개체감시거점센터,강원1권,2024,10,3주,2024-10-19,강원,인제군,초지,Trap,Haemaphysalis flava,Male,1,1,1,0,참진드기,Y,2024-10-18,2024-10-16,오유경(yuyu66),2024년,10월,3주
222,기후변화매개체감시거점센터,강원1권,2024,10,3주,2024-10-19,강원,인제군,초지,Trap,Haemaphysalis flava,Female,2,1,1,0,참진드기,Y,2024-10-18,2024-10-16,오유경(yuyu66),2024년,10월,3주
223,기후변화매개체감시거점센터,강원1권,2024,10,3주,2024-10-19,강원,인제군,초지,Trap,Haemaphysalis longicornis,Nymph,11,6,1,0,참진드기,Y,2024-10-18,2024-10-16,오유경(yuyu66),2024년,10월,3주
224,기후변화매개체감시거점센터,강원1권,2024,9,4주,2024-09-28,강원,인제군,무덤,Trap,기타,Larva,2364,1182,24,0,참진드기,Y,2024-09-30,2024-09-26,오유경(yuyu66),2024년,09월,4주
225,기후변화매개체감시거점센터,강원1권,2024,9,4주,2024-09-28,강원,인제군,무덤,Trap,Haemaphysalis flava,Male,5,3,1,0,참진드기,Y,2024-09-30,2024-09-26,오유경(yuyu66),2024년,09월,4주
226,기후변화매개체감시거점센터,강원1권,2024,9,4주,2024-09-28,강원,인제군,무덤,Trap,Haemaphysalis flava,Female,7,4,1,0,참진드기,Y,2024-09-30,2024-09-26,오유경(yuyu66),2024년,09월,4주
227,기후변화매개체감시거점센터,강원1권,2024,9,4주,2024-09-28,강원,인제군,무덤,Trap,Haemaphysalis longicornis,Nymph,12,6,1,0,참진드기,Y,2024-09-30,2024-09-26,오유경(yuyu66),2024년,09월,4주
228,기후변화매개체감시거점센터,강원1권,2024,9,4주,2024-09-28,강원,인제군,무덤,Trap,Haemaphysalis longicornis,Female,3,2,1,0,참진드기,Y,2024-09-30,2024-09-26,오유경(yuyu66),2024년,09월,4주
229,기후변화매개체감시거점센터,강원1권,2024,9,4주,2024-09-28,강원,인제군,산길,Trap,기타,Larva,64,32,1,0,참진드기,Y,2024-09-30,2024-09-26,오유경(yuyu66),2024년,09월,4주
230,기후변화매개체감시거점센터,강원1권,2024,9,4주,2024-09-28,강원,인제군,산길,Trap,Haemaphysalis flava,Nymph,1,1,1,0,참진드기,Y,2024-09-30,2024-09-26,오유경(yuyu66),2024년,09월,4주
231,기후변화매개체감시거점센터,강원1권,2024,9,4주,2024-09-28,강원,인제군,산길,Trap,Haemaphysalis flava,Male,7,4,1,0,참진드기,Y,2024-09-30,2024-09-26,오유경(yuyu66),2024년,09월,4주
232,기후변화매개체감시거점센터,강원1권,2024,9,4주,2024-09-28,강원,인제군,산길,Trap,Haemaphysalis flava,Female,5,3,1,0,참진드기,Y,2024-09-30,2024-09-26,오유경(yuyu66),2024년,09월,4주
233,기후변화매개체감시거점센터,강원1권,2024,9,4주,2024-09-28,강원,인제군,산길,Trap,Haemaphysalis longicornis,Male,2,1,1,0,참진드기,Y,2024-09-30,2024-09-26,오유경(yuyu66),2024년,09월,4주
234,기후변화매개체감시거점센터,강원1권,2024,9,4주,2024-09-28,강원,인제군,잡목림,Trap,기타,Larva,168,84,2,0,참진드기,Y,2024-09-30,2024-09-26,오유경(yuyu66),2024년,09월,4주
235,기후변화매개체감시거점센터,강원1권,2024,9,4주,2024-09-28,강원,인제군,잡목림,Trap,Haemaphysalis flava,Nymph,1,1,1,0,참진드기,Y,2024-09-30,2024-09-26,오유경(yuyu66),2024년,09월,4주
236,기후변화매개체감시거점센터,강원1권,2024,9,4주,2024-09-28,강원,인제군,잡목림,Trap,Haemaphysalis flava,Male,4,2,1,0,참진드기,Y,2024-09-30,2024-09-26,오유경(yuyu66),2024년,09월,4주
237,기후변화매개체감시거점센터,강원1권,2024,9,4주,2024-09-28,강원,인제군,잡목림,Trap,Haemaphysalis flava,Female,8,4,1,0,참진드기,Y,2024-09-30,2024-09-26,오유경(yuyu66),2024년,09월,4주
238,기후변화매개체감시거점센터,강원1권,2024,9,4주,2024-09-28,강원,인제군,잡목림,Trap,Haemaphysalis longicornis,Nymph,4,2,1,0,참진드기,Y,2024-09-30,2024-09-26,오유경(yuyu66),2024년,09월,4주
239,기후변화매개체감시거점센터,강원1권,2024,9,4주,2024-09-28,강원,인제군,잡목림,Trap,Haemaphysalis longicornis,Female,1,1,1,0,참진드기,Y,2024-09-30,2024-09-26,오유경(yuyu66),2024년,09월,4주
240,기후변화매개체감시거점센터,강원1권,2024,9,4주,2024-09-28,강원,인제군,초지,Trap,기타,Larva,1403,702,15,0,참진드기,Y,2024-09-30,2024-09-26,오유경(yuyu66),2024년,09월,4주
241,기후변화매개체감시거점센터,강원1권,2024,9,4주,2024-09-28,강원,인제군,초지,Trap,Ixodes nipponensis,Female,1,1,1,0,참진드기,Y,2024-09-30,2024-09-26,오유경(yuyu66),2024년,09월,4주
242,기후변화매개체감시거점센터,강원1권,2024,9,4주,2024-09-28,강원,인제군,초지,Trap,Haemaphysalis japonica,Male,2,1,1,0,참진드기,Y,2024-09-30,2024-09-26,오유경(yuyu66),2024년,09월,4주
243,기후변화매개체감시거점센터,강원1권,2024,9,4주,2024-09-28,강원,인제군,초지,Trap,Haemaphysalis flava,Nymph,1,1,1,0,참진드기,Y,2024-09-30,2024-09-26,오유경(yuyu66),2024년,09월,4주
244,기후변화매개체감시거점센터,강원1권,2024,9,4주,2024-09-28,강원,인제군,초지,Trap,Haemaphysalis flava,Male,10,5,1,0,참진드기,Y,2024-09-30,2024-09-26,오유경(yuyu66),2024년,09월,4주
245,기후변화매개체감시거점센터,강원1권,2024,9,4주,2024-09-28,강원,인제군,초지,Trap,Haemaphysalis flava,Female,8,4,1,0,참진드기,Y,2024-09-30,2024-09-26,오유경(yuyu66),2024년,09월,4주
246,기후변화매개체감시거점센터,강원1권,2024,9,4주,2024-09-28,강원,인제군,초지,Trap,Haemaphysalis longicornis,Nymph,42,21,1,0,참진드기,Y,2024-09-30,2024-09-26,오유경(yuyu66),2024년,09월,4주
247,기후변화매개체감시거점센터,강원1권,2024,9,4주,2024-09-28,강원,인제군,초지,Trap,Haemaphysalis longicornis,Female,3,2,1,0,참진드기,Y,2024-09-30,2024-09-26,오유경(yuyu66),2024년,09월,4주
248,기후변화매개체감시거점센터,강원1권,2024,8,4주,2024-08-31,강원,인제군,무덤,Trap,기타,Larva,5578,2789,56,0,참진드기,Y,2024-09-05,2024-09-02,오유경(yuyu66),2024년,08월,4주
249,기후변화매개체감시거점센터,강원1권,2024,8,4주,2024-08-31,강원,인제군,무덤,Trap,Haemaphysalis flava,Male,1,1,1,0,참진드기,Y,2024-09-05,2024-09-02,오유경(yuyu66),2024년,08월,4주
250,기후변화매개체감시거점센터,강원1권,2024,8,4주,2024-08-31,강원,인제군,무덤,Trap,Haemaphysalis longicornis,Nymph,74,37,2,0,참진드기,Y,2024-09-05,2024-09-02,오유경(yuyu66),2024년,08월,4주
251,기후변화매개체감시거점센터,강원1권,2024,8,4주,2024-08-31,강원,인제군,무덤,Trap,Haemaphysalis longicornis,Female,17,9,2,0,참진드기,Y,2024-09-05,2024-09-02,오유경(yuyu66),2024년,08월,4주
252,기후변화매개체감시거점센터,강원1권,2024,8,4주,2024-08-31,강원,인제군,산길,Trap,기타,Larva,467,234,5,0,참진드기,Y,2024-09-05,2024-09-02,오유경(yuyu66),2024년,08월,4주
253,기후변화매개체감시거점센터,강원1권,2024,8,4주,2024-08-31,강원,인제군,산길,Trap,Haemaphysalis flava,Nymph,2,1,1,0,참진드기,Y,2024-09-05,2024-09-02,오유경(yuyu66),2024년,08월,4주
254,기후변화매개체감시거점센터,강원1권,2024,8,4주,2024-08-31,강원,인제군,산길,Trap,Haemaphysalis flava,Male,1,1,1,0,참진드기,Y,2024-09-05,2024-09-02,오유경(yuyu66),2024년,08월,4주
255,기후변화매개체감시거점센터,강원1권,2024,8,4주,2024-08-31,강원,인제군,산길,Trap,Haemaphysalis longicornis,Nymph,19,10,1,0,참진드기,Y,2024-09-05,2024-09-02,오유경(yuyu66),2024년,08월,4주
256,기후변화매개체감시거점센터,강원1권,2024,8,4주,2024-08-31,강원,인제군,산길,Trap,Haemaphysalis longicornis,Female,8,4,1,0,참진드기,Y,2024-09-05,2024-09-02,오유경(yuyu66),2024년,08월,4주
257,기후변화매개체감시거점센터,강원1권,2024,8,4주,2024-08-31,강원,인제군,잡목림,Trap,기타,Larva,1128,564,12,0,참진드기,Y,2024-09-05,2024-09-02,오유경(yuyu66),2024년,08월,4주
258,기후변화매개체감시거점센터,강원1권,2024,8,4주,2024-08-31,강원,인제군,잡목림,Trap,Haemaphysalis longicornis,Nymph,12,6,1,0,참진드기,Y,2024-09-05,2024-09-02,오유경(yuyu66),2024년,08월,4주
259,기후변화매개체감시거점센터,강원1권,2024,8,4주,2024-08-31,강원,인제군,잡목림,Trap,Haemaphysalis longicornis,Male,1,1,1,0,참진드기,Y,2024-09-05,2024-09-02,오유경(yuyu66),2024년,08월,4주
260,기후변화매개체감시거점센터,강원1권,2024,8,4주,2024-08-31,강원,인제군,잡목림,Trap,Haemaphysalis longicornis,Female,6,3,1,0,참진드기,Y,2024-09-05,2024-09-02,오유경(yuyu66),2024년,08월,4주
261,기후변화매개체감시거점센터,강원1권,2024,8,4주,2024-08-31,강원,인제군,초지,Trap,기타,Larva,2116,1058,22,0,참진드기,Y,2024-09-05,2024-09-02,오유경(yuyu66),2024년,08월,4주
262,기후변화매개체감시거점센터,강원1권,2024,8,4주,2024-08-31,강원,인제군,초지,Trap,Haemaphysalis flava,Nymph,1,1,1,0,참진드기,Y,2024-09-05,2024-09-02,오유경(yuyu66),2024년,08월,4주
263,기후변화매개체감시거점센터,강원1권,2024,8,4주,2024-08-31,강원,인제군,초지,Trap,Haemaphysalis flava,Male,2,1,1,0,참진드기,Y,2024-09-05,2024-09-02,오유경(yuyu66),2024년,08월,4주
264,기후변화매개체감시거점센터,강원1권,2024,8,4주,2024-08-31,강원,인제군,초지,Trap,Haemaphysalis longicornis,Nymph,152,76,3,0,참진드기,Y,2024-09-05,2024-09-02,오유경(yuyu66),2024년,08월,4주
265,기후변화매개체감시거점센터,강원1권,2024,8,4주,2024-08-31,강원,인제군,초지,Trap,Haemaphysalis longicornis,Female,14,7,2,0,참진드기,Y,2024-09-05,2024-09-02,오유경(yuyu66),2024년,08월,4주
266,기후변화매개체감시거점센터,강원1권,2024,7,3주,2024-07-20,강원,인제군,무덤,Trap,Haemaphysalis longicornis,Nymph,47,24,1,0,참진드기,Y,2024-07-30,2024-07-23,오유경(yuyu66),2024년,07월,3주
267,기후변화매개체감시거점센터,강원1권,2024,7,3주,2024-07-20,강원,인제군,무덤,Trap,Haemaphysalis longicornis,Female,28,14,3,0,참진드기,Y,2024-07-30,2024-07-23,오유경(yuyu66),2024년,07월,3주
268,기후변화매개체감시거점센터,강원1권,2024,7,3주,2024-07-20,강원,인제군,산길,Trap,Haemaphysalis longicornis,Nymph,6,3,1,0,참진드기,Y,2024-07-30,2024-07-23,오유경(yuyu66),2024년,07월,3주
269,기후변화매개체감시거점센터,강원1권,2024,7,3주,2024-07-20,강원,인제군,산길,Trap,Haemaphysalis longicornis,Male,1,1,1,0,참진드기,Y,2024-07-30,2024-07-23,오유경(yuyu66),2024년,07월,3주
270,기후변화매개체감시거점센터,강원1권,2024,7,3주,2024-07-20,강원,인제군,산길,Trap,Haemaphysalis longicornis,Female,54,27,6,0,참진드기,Y,2024-07-30,2024-07-23,오유경(yuyu66),2024년,07월,3주
271,기후변화매개체감시거점센터,강원1권,2024,7,3주,2024-07-20,강원,인제군,잡목림,Trap,Haemaphysalis flava,Female,1,1,1,0,참진드기,Y,2024-07-30,2024-07-23,오유경(yuyu66),2024년,07월,3주
272,기후변화매개체감시거점센터,강원1권,2024,7,3주,2024-07-20,강원,인제군,잡목림,Trap,Haemaphysalis longicornis,Nymph,16,8,1,0,참진드기,Y,2024-07-30,2024-07-23,오유경(yuyu66),2024년,07월,3주
273,기후변화매개체감시거점센터,강원1권,2024,7,3주,2024-07-20,강원,인제군,잡목림,Trap,Haemaphysalis longicornis,Male,1,1,1,0,참진드기,Y,2024-07-30,2024-07-23,오유경(yuyu66),2024년,07월,3주
274,기후변화매개체감시거점센터,강원1권,2024,7,3주,2024-07-20,강원,인제군,잡목림,Trap,Haemaphysalis longicornis,Female,51,26,6,0,참진드기,Y,2024-07-30,2024-07-23,오유경(yuyu66),2024년,07월,3주
275,기후변화매개체감시거점센터,강원1권,2024,7,3주,2024-07-20,강원,인제군,초지,Trap,Haemaphysalis longicornis,Nymph,186,93,4,0,참진드기,Y,2024-07-30,2024-07-23,오유경(yuyu66),2024년,07월,3주
276,기후변화매개체감시거점센터,강원1권,2024,7,3주,2024-07-20,강원,인제군,초지,Trap,Haemaphysalis longicornis,Male,2,1,1,0,참진드기,Y,2024-07-30,2024-07-23,오유경(yuyu66),2024년,07월,3주
277,기후변화매개체감시거점센터,강원1권,2024,7,3주,2024-07-20,강원,인제군,초지,Trap,Haemaphysalis longicornis,Female,214,107,22,0,참진드기,Y,2024-07-30,2024-07-23,오유경(yuyu66),2024년,07월,3주
278,기후변화매개체감시거점센터,강원1권,2024,5,3주,2024-05-18,강원,인제군,초지,Trap,Haemaphysalis longicornis,Female,45,23,5,0,참진드기,Y,2024-06-05,2024-06-05,오유경(yuyu66),2024년,05월,3주
279,기후변화매개체감시거점센터,강원1권,2024,5,3주,2024-05-18,강원,인제군,무덤,Trap,기타,Larva,7,4,1,0,참진드기,Y,2024-05-22,2024-05-20,오유경(yuyu66),2024년,05월,3주
280,기후변화매개체감시거점센터,강원1권,2024,5,3주,2024-05-18,강원,인제군,무덤,Trap,Haemaphysalis longicornis,Nymph,170,85,3,0,참진드기,Y,2024-05-22,2024-05-20,오유경(yuyu66),2024년,05월,3주
281,기후변화매개체감시거점센터,강원1권,2024,5,3주,2024-05-18,강원,인제군,무덤,Trap,Haemaphysalis longicornis,Female,32,16,4,0,참진드기,Y,2024-05-22,2024-05-20,오유경(yuyu66),2024년,05월,3주
282,기후변화매개체감시거점센터,강원1권,2024,5,3주,2024-05-18,강원,인제군,산길,Trap,Haemaphysalis flava,Nymph,6,3,1,0,참진드기,Y,2024-05-22,2024-05-20,오유경(yuyu66),2024년,05월,3주
283,기후변화매개체감시거점센터,강원1권,2024,5,3주,2024-05-18,강원,인제군,산길,Trap,Haemaphysalis longicornis,Nymph,24,12,1,0,참진드기,Y,2024-05-22,2024-05-20,오유경(yuyu66),2024년,05월,3주
284,기후변화매개체감시거점센터,강원1권,2024,5,3주,2024-05-18,강원,인제군,산길,Trap,Haemaphysalis longicornis,Male,2,1,1,0,참진드기,Y,2024-05-22,2024-05-20,오유경(yuyu66),2024년,05월,3주
285,기후변화매개체감시거점센터,강원1권,2024,5,3주,2024-05-18,강원,인제군,산길,Trap,Haemaphysalis longicornis,Female,36,18,4,0,참진드기,Y,2024-05-22,2024-05-20,오유경(yuyu66),2024년,05월,3주
286,기후변화매개체감시거점센터,강원1권,2024,5,3주,2024-05-18,강원,인제군,잡목림,Trap,기타,Larva,12,6,1,0,참진드기,Y,2024-05-22,2024-05-20,오유경(yuyu66),2024년,05월,3주
287,기후변화매개체감시거점센터,강원1권,2024,5,3주,2024-05-18,강원,인제군,잡목림,Trap,Haemaphysalis flava,Nymph,1,1,1,0,참진드기,Y,2024-05-22,2024-05-20,오유경(yuyu66),2024년,05월,3주
288,기후변화매개체감시거점센터,강원1권,2024,5,3주,2024-05-18,강원,인제군,잡목림,Trap,Haemaphysalis longicornis,Nymph,44,22,1,0,참진드기,Y,2024-05-22,2024-05-20,오유경(yuyu66),2024년,05월,3주
289,기후변화매개체감시거점센터,강원1권,2024,5,3주,2024-05-18,강원,인제군,잡목림,Trap,Haemaphysalis longicornis,Female,45,23,5,0,참진드기,Y,2024-05-22,2024-05-20,오유경(yuyu66),2024년,05월,3주
290,기후변화매개체감시거점센터,강원1권,2024,5,3주,2024-05-18,강원,인제군,초지,Trap,기타,Larva,190,95,2,0,참진드기,Y,2024-05-22,2024-05-20,오유경(yuyu66),2024년,05월,3주
291,기후변화매개체감시거점센터,강원1권,2024,5,3주,2024-05-18,강원,인제군,초지,Trap,Ixodes nipponensis,Female,1,1,1,0,참진드기,Y,2024-05-22,2024-05-20,오유경(yuyu66),2024년,05월,3주
292,기후변화매개체감시거점센터,강원1권,2024,5,3주,2024-05-18,강원,인제군,초지,Trap,Haemaphysalis flava,Female,2,1,1,0,참진드기,Y,2024-05-22,2024-05-20,오유경(yuyu66),2024년,05월,3주
293,기후변화매개체감시거점센터,강원1권,2024,5,3주,2024-05-18,강원,인제군,초지,Trap,Haemaphysalis longicornis,Nymph,1896,948,32,0,참진드기,Y,2024-05-22,2024-05-20,오유경(yuyu66),2024년,05월,3주
294,기후변화매개체감시거점센터,강원1권,2024,5,3주,2024-05-18,강원,인제군,초지,Trap,Haemaphysalis longicornis,Male,4,2,1,0,참진드기,Y,2024-05-22,2024-05-20,오유경(yuyu66),2024년,05월,3주
295,기후변화매개체감시거점센터,강원1권,2024,4,3주,2024-04-20,강원,인제군,무덤,Trap,Haemaphysalis japonica,Nymph,2,1,1,0,참진드기,Y,2024-04-29,2024-04-22,오유경(yuyu66),2024년,04월,3주
296,기후변화매개체감시거점센터,강원1권,2024,4,3주,2024-04-20,강원,인제군,무덤,Trap,Haemaphysalis flava,Nymph,4,2,1,0,참진드기,Y,2024-04-29,2024-04-22,오유경(yuyu66),2024년,04월,3주
297,기후변화매개체감시거점센터,강원1권,2024,4,3주,2024-04-20,강원,인제군,무덤,Trap,Haemaphysalis flava,Male,1,1,1,0,참진드기,Y,2024-04-29,2024-04-22,오유경(yuyu66),2024년,04월,3주
298,기후변화매개체감시거점센터,강원1권,2024,4,3주,2024-04-20,강원,인제군,무덤,Trap,Haemaphysalis flava,Female,1,1,1,0,참진드기,Y,2024-04-29,2024-04-22,오유경(yuyu66),2024년,04월,3주
299,기후변화매개체감시거점센터,강원1권,2024,4,3주,2024-04-20,강원,인제군,무덤,Trap,Haemaphysalis longicornis,Nymph,224,112,4,0,참진드기,Y,2024-04-29,2024-04-22,오유경(yuyu66),2024년,04월,3주
300,기후변화매개체감시거점센터,강원1권,2024,4,3주,2024-04-20,강원,인제군,무덤,Trap,Haemaphysalis longicornis,Male,2,1,1,0,참진드기,Y,2024-04-29,2024-04-22,오유경(yuyu66),2024년,04월,3주
301,기후변화매개체감시거점센터,강원1권,2024,4,3주,2024-04-20,강원,인제군,무덤,Trap,Haemaphysalis longicornis,Female,34,17,4,0,참진드기,Y,2024-04-29,2024-04-22,오유경(yuyu66),2024년,04월,3주
302,기후변화매개체감시거점센터,강원1권,2024,4,3주,2024-04-20,강원,인제군,산길,Trap,기타,Larva,51,26,1,0,참진드기,Y,2024-04-29,2024-04-22,오유경(yuyu66),2024년,04월,3주
303,기후변화매개체감시거점센터,강원1권,2024,4,3주,2024-04-20,강원,인제군,산길,Trap,Haemaphysalis flava,Nymph,7,4,1,0,참진드기,Y,2024-04-29,2024-04-22,오유경(yuyu66),2024년,04월,3주
304,기후변화매개체감시거점센터,강원1권,2024,4,3주,2024-04-20,강원,인제군,산길,Trap,Haemaphysalis flava,Female,1,1,1,0,참진드기,Y,2024-04-29,2024-04-22,오유경(yuyu66),2024년,04월,3주
305,기후변화매개체감시거점센터,강원1권,2024,4,3주,2024-04-20,강원,인제군,산길,Trap,Haemaphysalis longicornis,Nymph,5,3,1,0,참진드기,Y,2024-04-29,2024-04-22,오유경(yuyu66),2024년,04월,3주
306,기후변화매개체감시거점센터,강원1권,2024,4,3주,2024-04-20,강원,인제군,산길,Trap,Haemaphysalis longicornis,Female,10,5,1,0,참진드기,Y,2024-04-29,2024-04-22,오유경(yuyu66),2024년,04월,3주
307,기후변화매개체감시거점센터,강원1권,2024,4,3주,2024-04-20,강원,인제군,잡목림,Trap,Ixodes nipponensis,Male,1,1,1,0,참진드기,Y,2024-04-29,2024-04-22,오유경(yuyu66),2024년,04월,3주
308,기후변화매개체감시거점센터,강원1권,2024,4,3주,2024-04-20,강원,인제군,잡목림,Trap,Haemaphysalis flava,Nymph,2,1,1,0,참진드기,Y,2024-04-29,2024-04-22,오유경(yuyu66),2024년,04월,3주
309,기후변화매개체감시거점센터,강원1권,2024,4,3주,2024-04-20,강원,인제군,잡목림,Trap,Haemaphysalis flava,Male,1,1,1,0,참진드기,Y,2024-04-29,2024-04-22,오유경(yuyu66),2024년,04월,3주
310,기후변화매개체감시거점센터,강원1권,2024,4,3주,2024-04-20,강원,인제군,잡목림,Trap,Haemaphysalis flava,Female,2,1,1,0,참진드기,Y,2024-04-29,2024-04-22,오유경(yuyu66),2024년,04월,3주
311,기후변화매개체감시거점센터,강원1권,2024,4,3주,2024-04-20,강원,인제군,잡목림,Trap,Haemaphysalis longicornis,Nymph,29,15,1,0,참진드기,Y,2024-04-29,2024-04-22,오유경(yuyu66),2024년,04월,3주
312,기후변화매개체감시거점센터,강원1권,2024,4,3주,2024-04-20,강원,인제군,잡목림,Trap,Haemaphysalis longicornis,Male,2,1,1,0,참진드기,Y,2024-04-29,2024-04-22,오유경(yuyu66),2024년,04월,3주
313,기후변화매개체감시거점센터,강원1권,2024,4,3주,2024-04-20,강원,인제군,잡목림,Trap,Haemaphysalis longicornis,Female,29,15,3,0,참진드기,Y,2024-04-29,2024-04-22,오유경(yuyu66),2024년,04월,3주
314,기후변화매개체감시거점센터,강원1권,2024,4,3주,2024-04-20,강원,인제군,초지,Trap,Haemaphysalis japonica,Nymph,1,1,1,0,참진드기,Y,2024-04-29,2024-04-22,오유경(yuyu66),2024년,04월,3주
315,기후변화매개체감시거점센터,강원1권,2024,4,3주,2024-04-20,강원,인제군,초지,Trap,Haemaphysalis flava,Nymph,15,8,1,0,참진드기,Y,2024-04-29,2024-04-22,오유경(yuyu66),2024년,04월,3주
316,기후변화매개체감시거점센터,강원1권,2024,4,3주,2024-04-20,강원,인제군,초지,Trap,Haemaphysalis flava,Male,1,1,1,0,참진드기,Y,2024-04-29,2024-04-22,오유경(yuyu66),2024년,04월,3주
317,기후변화매개체감시거점센터,강원1권,2024,4,3주,2024-04-20,강원,인제군,초지,Trap,Haemaphysalis flava,Female,3,2,1,0,참진드기,Y,2024-04-29,2024-04-22,오유경(yuyu66),2024년,04월,3주
318,기후변화매개체감시거점센터,강원1권,2024,4,3주,2024-04-20,강원,인제군,초지,Trap,Haemaphysalis longicornis,Nymph,1453,727,25,0,참진드기,Y,2024-04-29,2024-04-22,오유경(yuyu66),2024년,04월,3주
319,기후변화매개체감시거점센터,강원1권,2024,4,3주,2024-04-20,강원,인제군,초지,Trap,Haemaphysalis longicornis,Male,6,3,1,0,참진드기,Y,2024-04-29,2024-04-22,오유경(yuyu66),2024년,04월,3주
320,기후변화매개체감시거점센터,강원1권,2024,4,3주,2024-04-20,강원,인제군,초지,Trap,Haemaphysalis longicornis,Female,58,29,6,0,참진드기,Y,2024-04-29,2024-04-22,오유경(yuyu66),2024년,04월,3주
