번호,사업명,권역,연도,월,주차,수거일,지역1,지역2,환경,방법,종,개체수,채집기간,Index,실험개체수,Pool No.,양성 Pools,비고,확정,확정일자,입력일자,입력자(아이디),조사년도,조사월,월.1,발생단계
3.0,기후변화매개체감시거점센터,참진드기 권역,,2026,21,2026-05-19,강원,화천군,산길,Trap,기타,1,,,1,1,0,참진드기,Y,2026-05-27,2026-05-27,정태동(skyjtd15),2026년,2026월,5.0,Larva
8.0,기후변화매개체감시거점센터,참진드기 권역,,2026,21,2026-05-19,강원,화천군,초지,Trap,Haemaphysalis flava,1,,,1,1,0,참진드기,Y,2026-05-27,2026-05-27,정태동(skyjtd15),2026년,2026월,5.0,Nymph
11.0,기후변화매개체감시거점센터,참진드기 권역,,2026,21,2026-05-19,강원,화천군,초지,Trap,Haemaphysalis longicornis,9,,,5,1,0,참진드기,Y,2026-05-27,2026-05-27,정태동(skyjtd15),2026년,2026월,5.0,Female
14.0,기후변화매개체감시거점센터,참진드기 권역,,2026,21,2026-05-19,강원,인제군,산길,Trap,Ixodes nipponensis,1,,,1,1,0,참진드기,Y,2026-05-27,2026-05-27,정태동(skyjtd15),2026년,2026월,5.0,Male
15.0,기후변화매개체감시거점센터,참진드기 권역,,2026,21,2026-05-19,강원,인제군,산길,Trap,Haemaphysalis japonica,1,,,1,1,0,참진드기,Y,2026-05-27,2026-05-27,정태동(skyjtd15),2026년,2026월,5.0,Male
17.0,기후변화매개체감시거점센터,참진드기 권역,,2026,21,2026-05-19,강원,인제군,산길,Trap,Haemaphysalis flava,1,,,1,1,0,참진드기,Y,2026-05-27,2026-05-27,정태동(skyjtd15),2026년,2026월,5.0,Female
23.0,기후변화매개체감시거점센터,참진드기 권역,,2026,21,2026-05-19,강원,인제군,초지,Trap,기타,33,,,17,1,0,참진드기,Y,2026-05-27,2026-05-27,정태동(skyjtd15),2026년,2026월,5.0,Larva
26.0,기후변화매개체감시거점센터,참진드기 권역,,2026,21,2026-05-19,강원,인제군,초지,Trap,Haemaphysalis longicornis,6,,,3,1,0,참진드기,Y,2026-05-27,2026-05-27,정태동(skyjtd15),2026년,2026월,5.0,Female
28.0,기후변화매개체감시거점센터,참진드기 권역,,2026,16,2026-04-14,강원,화천군,산길,Trap,Haemaphysalis japonica,1,,,1,1,0,참진드기,Y,2026-04-21,2026-04-17,정태동(skyjtd15),2026년,2026월,4.0,Nymph
32.0,기후변화매개체감시거점센터,참진드기 권역,,2026,16,2026-04-14,강원,화천군,잡목림,Trap,Haemaphysalis flava,1,,,1,1,0,참진드기,Y,2026-04-21,2026-04-17,정태동(skyjtd15),2026년,2026월,4.0,Nymph
34.0,기후변화매개체감시거점센터,참진드기 권역,,2026,16,2026-04-14,강원,화천군,초지,Trap,Haemaphysalis longicornis,17,,,9,1,0,참진드기,Y,2026-04-21,2026-04-17,정태동(skyjtd15),2026년,2026월,4.0,Nymph
42.0,기후변화매개체감시거점센터,참진드기 권역,,2026,16,2026-04-14,강원,인제군,잡목림,Trap,Haemaphysalis japonica,1,,,1,1,0,참진드기,Y,2026-04-21,2026-04-17,정태동(skyjtd15),2026년,2026월,4.0,Nymph
47.0,기후변화매개체감시거점센터,참진드기 권역,,2026,16,2026-04-14,강원,인제군,초지,Trap,기타,5,,,3,1,0,참진드기,Y,2026-04-21,2026-04-17,정태동(skyjtd15),2026년,2026월,4.0,Larva
48.0,기후변화매개체감시거점센터,참진드기 권역,,2026,16,2026-04-14,강원,인제군,초지,Trap,Ixodes nipponensis,1,,,1,1,0,참진드기,Y,2026-04-21,2026-04-17,정태동(skyjtd15),2026년,2026월,4.0,Female
49.0,기후변화매개체감시거점센터,참진드기 권역,,2026,16,2026-04-14,강원,인제군,초지,Trap,Haemaphysalis flava,1,,,1,1,0,참진드기,Y,2026-04-21,2026-04-17,정태동(skyjtd15),2026년,2026월,4.0,Female
51.0,기후변화매개체감시거점센터,참진드기 권역,,2026,16,2026-04-14,강원,인제군,초지,Trap,Haemaphysalis longicornis,2,,,1,1,0,참진드기,Y,2026-04-21,2026-04-17,정태동(skyjtd15),2026년,2026월,4.0,Male
52.0,기후변화매개체감시거점센터,참진드기 권역,,2025,47,2025-11-17,강원,인제군,무덤,Trap,기타,1,,,1,1,0,참진드기,Y,2025-11-19,2025-11-19,정태동(skyjtd15),2026년,2025월,11.0,Larva
53.0,기후변화매개체감시거점센터,참진드기 권역,,2025,47,2025-11-17,강원,인제군,초지,Trap,Haemaphysalis flava,1,,,1,1,0,참진드기,Y,2025-11-19,2025-11-19,정태동(skyjtd15),2026년,2025월,11.0,Female
67.0,기후변화매개체감시거점센터,참진드기 권역,,2025,42,2025-10-16,강원,인제군,초지,Trap,기타,221,,,111,5,0,참진드기,Y,2025-10-28,2025-10-28,정태동(skyjtd15),2026년,2025월,10.0,Larva
68.0,기후변화매개체감시거점센터,참진드기 권역,,2025,42,2025-10-16,강원,인제군,초지,Trap,Haemaphysalis flava,6,,,3,1,0,참진드기,Y,2025-10-28,2025-10-28,정태동(skyjtd15),2026년,2025월,10.0,Female
69.0,기후변화매개체감시거점센터,참진드기 권역,,2025,42,2025-10-16,강원,인제군,초지,Trap,Haemaphysalis longicornis,1,,,1,1,0,참진드기,Y,2025-10-28,2025-10-28,정태동(skyjtd15),2026년,2025월,10.0,Nymph
82.0,기후변화매개체감시거점센터,참진드기 권역,,2025,38,2025-09-15,강원,인제군,초지,Trap,기타,1242,,,621,13,0,참진드기,Y,2025-09-18,2025-09-17,정태동(skyjtd15),2026년,2025월,9.0,Larva
85.0,기후변화매개체감시거점센터,참진드기 권역,,2025,38,2025-09-15,강원,인제군,초지,Trap,Haemaphysalis flava,2,,,1,1,0,참진드기,Y,2025-09-18,2025-09-17,정태동(skyjtd15),2026년,2025월,9.0,Female
86.0,기후변화매개체감시거점센터,참진드기 권역,,2025,38,2025-09-15,강원,인제군,초지,Trap,Haemaphysalis longicornis,9,,,5,1,0,참진드기,Y,2025-09-18,2025-09-17,정태동(skyjtd15),2026년,2025월,9.0,Nymph
96.0,기후변화매개체감시거점센터,참진드기 권역,,2025,34,2025-08-19,강원,인제군,초지,Trap,기타,755,,,378,8,0,참진드기,Y,2025-08-27,2025-08-26,정태동(skyjtd15),2026년,2025월,8.0,Larva
98.0,기후변화매개체감시거점센터,참진드기 권역,,2025,34,2025-08-19,강원,인제군,초지,Trap,Haemaphysalis longicornis,14,,,7,2,0,참진드기,Y,2025-08-27,2025-08-26,정태동(skyjtd15),2026년,2025월,8.0,Female
103.0,기후변화매개체감시거점센터,참진드기 권역,,2025,30,2025-07-22,강원,인제군,산길,Trap,기타,3,,,2,1,0,참진드기,Y,2025-08-01,2025-07-24,정태동(skyjtd15),2026년,2025월,7.0,Larva
105.0,기후변화매개체감시거점센터,참진드기 권역,,2025,30,2025-07-22,강원,인제군,산길,Trap,Haemaphysalis flava,1,,,1,1,0,참진드기,Y,2025-08-01,2025-07-24,정태동(skyjtd15),2026년,2025월,7.0,Female
111.0,기후변화매개체감시거점센터,참진드기 권역,,2025,30,2025-07-22,강원,인제군,초지,Trap,Haemaphysalis japonica,1,,,1,1,0,참진드기,Y,2025-08-01,2025-07-24,정태동(skyjtd15),2026년,2025월,7.0,Nymph
114.0,기후변화매개체감시거점센터,참진드기 권역,,2025,30,2025-07-22,강원,인제군,초지,Trap,Haemaphysalis longicornis,128,,,64,13,0,참진드기,Y,2025-08-01,2025-07-24,정태동(skyjtd15),2026년,2025월,7.0,Female
115.0,기후변화매개체감시거점센터,참진드기 권역,,2025,25,2025-06-18,강원,인제군,무덤,Trap,기타,2,,,1,1,0,참진드기,Y,2025-06-24,2025-06-24,정태동(skyjtd15),2026년,2025월,6.0,Larva
124.0,기후변화매개체감시거점센터,참진드기 권역,,2025,25,2025-06-18,강원,인제군,잡목림,Trap,Haemaphysalis japonica,1,,,1,1,0,참진드기,Y,2025-06-23,2025-06-23,정태동(skyjtd15),2026년,2025월,6.0,Female
129.0,기후변화매개체감시거점센터,참진드기 권역,,2025,25,2025-06-18,강원,인제군,초지,Trap,Haemaphysalis flava,1,,,1,1,0,참진드기,Y,2025-06-23,2025-06-23,정태동(skyjtd15),2026년,2025월,6.0,Female
132.0,기후변화매개체감시거점센터,참진드기 권역,,2025,25,2025-06-18,강원,인제군,초지,Trap,Haemaphysalis longicornis,9,,,5,1,0,참진드기,Y,2025-06-23,2025-06-23,정태동(skyjtd15),2026년,2025월,6.0,Female
148.0,기후변화매개체감시거점센터,참진드기 권역,,2025,20,2025-05-13,강원,인제군,초지,Trap,Haemaphysalis japonica,1,,,1,1,0,참진드기,Y,2025-05-19,2025-05-16,정태동(skyjtd15),2026년,2025월,5.0,Male
150.0,기후변화매개체감시거점센터,참진드기 권역,,2025,20,2025-05-13,강원,인제군,초지,Trap,Haemaphysalis flava,1,,,1,1,0,참진드기,Y,2025-05-19,2025-05-16,정태동(skyjtd15),2026년,2025월,5.0,Female
153.0,기후변화매개체감시거점센터,참진드기 권역,,2025,20,2025-05-13,강원,인제군,초지,Trap,Haemaphysalis longicornis,4,,,2,1,0,참진드기,Y,2025-05-19,2025-05-16,정태동(skyjtd15),2026년,2025월,5.0,Female
166.0,기후변화매개체감시거점센터,참진드기 권역,,2025,16,2025-04-15,강원,인제군,초지,Trap,Haemaphysalis japonica,3,,,2,1,0,참진드기,Y,2025-04-21,2025-04-18,정태동(skyjtd15),2026년,2025월,4.0,Female
168.0,기후변화매개체감시거점센터,참진드기 권역,,2025,16,2025-04-15,강원,인제군,초지,Trap,Haemaphysalis flava,2,,,1,1,0,참진드기,Y,2025-04-21,2025-04-18,정태동(skyjtd15),2026년,2025월,4.0,Male
170.0,기후변화매개체감시거점센터,참진드기 권역,,2025,16,2025-04-15,강원,인제군,초지,Trap,Haemaphysalis longicornis,1,,,1,1,0,참진드기,Y,2025-04-21,2025-04-18,정태동(skyjtd15),2026년,2025월,4.0,Female
174.0,기후변화매개체감시거점센터,참진드기 권역,,2024,47,2024-11-23,강원,인제군,초지,Trap,기타,7,,,4,1,0,참진드기,Y,2024-11-22,2024-11-20,오유경(yuyu66),2026년,2024월,11.0,Larva
180.0,기후변화매개체감시거점센터,참진드기 권역,,2024,42,2024-10-19,강원,인제군,산길,Trap,Haemaphysalis japonica,1,,,1,1,0,참진드기,Y,2024-10-18,2024-10-16,오유경(yuyu66),2026년,2024월,10.0,Male
188.0,기후변화매개체감시거점센터,참진드기 권역,,2024,42,2024-10-19,강원,인제군,초지,Trap,기타,533,,,267,6,0,참진드기,Y,2024-10-18,2024-10-16,오유경(yuyu66),2026년,2024월,10.0,Larva
190.0,기후변화매개체감시거점센터,참진드기 권역,,2024,42,2024-10-19,강원,인제군,초지,Trap,Haemaphysalis flava,2,,,1,1,0,참진드기,Y,2024-10-18,2024-10-16,오유경(yuyu66),2026년,2024월,10.0,Female
191.0,기후변화매개체감시거점센터,참진드기 권역,,2024,42,2024-10-19,강원,인제군,초지,Trap,Haemaphysalis longicornis,11,,,6,1,0,참진드기,Y,2024-10-18,2024-10-16,오유경(yuyu66),2026년,2024월,10.0,Nymph
208.0,기후변화매개체감시거점센터,참진드기 권역,,2024,39,2024-09-28,강원,인제군,초지,Trap,기타,1403,,,702,15,0,참진드기,Y,2024-09-30,2024-09-26,오유경(yuyu66),2026년,2024월,9.0,Larva
209.0,기후변화매개체감시거점센터,참진드기 권역,,2024,39,2024-09-28,강원,인제군,초지,Trap,Ixodes nipponensis,1,,,1,1,0,참진드기,Y,2024-09-30,2024-09-26,오유경(yuyu66),2026년,2024월,9.0,Female
210.0,기후변화매개체감시거점센터,참진드기 권역,,2024,39,2024-09-28,강원,인제군,초지,Trap,Haemaphysalis japonica,2,,,1,1,0,참진드기,Y,2024-09-30,2024-09-26,오유경(yuyu66),2026년,2024월,9.0,Male
213.0,기후변화매개체감시거점센터,참진드기 권역,,2024,39,2024-09-28,강원,인제군,초지,Trap,Haemaphysalis flava,8,,,4,1,0,참진드기,Y,2024-09-30,2024-09-26,오유경(yuyu66),2026년,2024월,9.0,Female
215.0,기후변화매개체감시거점센터,참진드기 권역,,2024,39,2024-09-28,강원,인제군,초지,Trap,Haemaphysalis longicornis,3,,,2,1,0,참진드기,Y,2024-09-30,2024-09-26,오유경(yuyu66),2026년,2024월,9.0,Female
229.0,기후변화매개체감시거점센터,참진드기 권역,,2024,35,2024-08-31,강원,인제군,초지,Trap,기타,2116,,,1058,22,0,참진드기,Y,2024-09-05,2024-09-02,오유경(yuyu66),2026년,2024월,8.0,Larva
231.0,기후변화매개체감시거점센터,참진드기 권역,,2024,35,2024-08-31,강원,인제군,초지,Trap,Haemaphysalis flava,2,,,1,1,0,참진드기,Y,2024-09-05,2024-09-02,오유경(yuyu66),2026년,2024월,8.0,Male
233.0,기후변화매개체감시거점센터,참진드기 권역,,2024,35,2024-08-31,강원,인제군,초지,Trap,Haemaphysalis longicornis,14,,,7,2,0,참진드기,Y,2024-09-05,2024-09-02,오유경(yuyu66),2026년,2024월,8.0,Female
239.0,기후변화매개체감시거점센터,참진드기 권역,,2024,29,2024-07-20,강원,인제군,잡목림,Trap,Haemaphysalis flava,1,,,1,1,0,참진드기,Y,2024-07-30,2024-07-23,오유경(yuyu66),2026년,2024월,7.0,Female
245.0,기후변화매개체감시거점센터,참진드기 권역,,2024,29,2024-07-20,강원,인제군,초지,Trap,Haemaphysalis longicornis,214,,,107,22,0,참진드기,Y,2024-07-30,2024-07-23,오유경(yuyu66),2026년,2024월,7.0,Female
258.0,기후변화매개체감시거점센터,참진드기 권역,,2024,20,2024-05-18,강원,인제군,초지,Trap,기타,190,,,95,2,0,참진드기,Y,2024-05-22,2024-05-20,오유경(yuyu66),2026년,2024월,5.0,Larva
259.0,기후변화매개체감시거점센터,참진드기 권역,,2024,20,2024-05-18,강원,인제군,초지,Trap,Ixodes nipponensis,1,,,1,1,0,참진드기,Y,2024-05-22,2024-05-20,오유경(yuyu66),2026년,2024월,5.0,Female
260.0,기후변화매개체감시거점센터,참진드기 권역,,2024,20,2024-05-18,강원,인제군,초지,Trap,Haemaphysalis flava,2,,,1,1,0,참진드기,Y,2024-05-22,2024-05-20,오유경(yuyu66),2026년,2024월,5.0,Female
262.0,기후변화매개체감시거점센터,참진드기 권역,,2024,20,2024-05-18,강원,인제군,초지,Trap,Haemaphysalis longicornis,4,,,2,1,0,참진드기,Y,2024-05-22,2024-05-20,오유경(yuyu66),2026년,2024월,5.0,Male
270.0,기후변화매개체감시거점센터,참진드기 권역,,2024,16,2024-04-20,강원,인제군,산길,Trap,기타,51,,,26,1,0,참진드기,Y,2024-04-29,2024-04-22,오유경(yuyu66),2026년,2024월,4.0,Larva
275.0,기후변화매개체감시거점센터,참진드기 권역,,2024,16,2024-04-20,강원,인제군,잡목림,Trap,Ixodes nipponensis,1,,,1,1,0,참진드기,Y,2024-04-29,2024-04-22,오유경(yuyu66),2026년,2024월,4.0,Male
282.0,기후변화매개체감시거점센터,참진드기 권역,,2024,16,2024-04-20,강원,인제군,초지,Trap,Haemaphysalis japonica,1,,,1,1,0,참진드기,Y,2024-04-29,2024-04-22,오유경(yuyu66),2026년,2024월,4.0,Nymph
285.0,기후변화매개체감시거점센터,참진드기 권역,,2024,16,2024-04-20,강원,인제군,초지,Trap,Haemaphysalis flava,3,,,2,1,0,참진드기,Y,2024-04-29,2024-04-22,오유경(yuyu66),2026년,2024월,4.0,Female
288.0,기후변화매개체감시거점센터,참진드기 권역,,2024,16,2024-04-20,강원,인제군,초지,Trap,Haemaphysalis longicornis,58,,,29,6,0,참진드기,Y,2024-04-29,2024-04-22,오유경(yuyu66),2026년,2024월,4.0,Female
,기후변화매개체감시거점센터,모기 권역,2025.0,4,16,2025-04-16,강원,백로서식지,철새도래지,BGT1,미채집,0,1.0,0.0,0,0,0,,N,,2025-04-18,오유경(yuyu66),2025년,04월,,
,기후변화매개체감시거점센터,모기 권역,2025.0,4,16,2025-04-16,강원,삼천동,도심,BGT1,Culex orientalis,1,1.0,1.0,1,1,0,,N,,2025-04-18,오유경(yuyu66),2025년,04월,,
,기후변화매개체감시거점센터,모기 권역,2025.0,4,16,2025-04-16,강원,삼천동,도심,BGT1,Culex pipiens,2,1.0,2.0,2,1,0,,N,,2025-04-18,오유경(yuyu66),2025년,04월,,
,기후변화매개체감시거점센터,모기 권역,2025.0,4,16,2025-04-16,강원,종가오리,철새도래지,LED1,미채집,0,1.0,0.0,0,0,0,,N,,2025-04-18,오유경(yuyu66),2025년,04월,,
,기후변화매개체감시거점센터,모기 권역,2025.0,4,16,2025-04-16,강원,주택,철새도래지,LED2,Culex orientalis,1,1.0,1.0,1,1,0,,N,,2025-04-18,오유경(yuyu66),2025년,04월,,
,기후변화매개체감시거점센터,모기 권역,2025.0,4,16,2025-04-16,강원,춘천시보건소,도심,LED1,Culex pipiens,2,1.0,2.0,2,1,0,,N,,2025-04-18,오유경(yuyu66),2025년,04월,,
,기후변화매개체감시거점센터,모기 권역,2025.0,4,16,2025-04-16,강원,퇴계동주민센터,도심,LED2,미채집,0,1.0,0.0,0,0,0,,N,,2025-04-18,오유경(yuyu66),2025년,04월,,
,기후변화매개체감시거점센터,모기 권역,2025.0,5,19,2025-05-09,강원,춘천시보건소,도심,DMS1,Culex pipiens,6,2.0,3.0,6,1,0,"6, 22, 27.27 %",N,,2025-05-12,오유경(yuyu66),2025년,05월,,
,기후변화매개체감시거점센터,모기 권역,2025.0,5,20,2025-05-14,강원,백로서식지,철새도래지,BGT1,Armigeres subalbatus,1,1.0,1.0,1,1,0,,N,,2025-05-16,오유경(yuyu66),2025년,05월,,
,기후변화매개체감시거점센터,모기 권역,2025.0,5,20,2025-05-14,강원,백로서식지,철새도래지,BGT1,Culex orientalis,1,1.0,1.0,1,1,0,,N,,2025-05-16,오유경(yuyu66),2025년,05월,,
,기후변화매개체감시거점센터,모기 권역,2025.0,5,20,2025-05-14,강원,백로서식지,철새도래지,BGT1,Culex pipiens,12,1.0,12.0,12,1,0,,N,,2025-05-16,오유경(yuyu66),2025년,05월,,
,기후변화매개체감시거점센터,모기 권역,2025.0,5,20,2025-05-14,강원,백로서식지,철새도래지,BGT1,Ochlerotatus koreicus,9,1.0,9.0,9,1,0,,N,,2025-05-16,오유경(yuyu66),2025년,05월,,
,기후변화매개체감시거점센터,모기 권역,2025.0,5,20,2025-05-14,강원,삼천동,도심,BGT1,Aedes vexans,1,1.0,1.0,1,1,0,,N,,2025-05-16,오유경(yuyu66),2025년,05월,,
,기후변화매개체감시거점센터,모기 권역,2025.0,5,20,2025-05-14,강원,삼천동,도심,BGT1,Culex pipiens,7,1.0,7.0,7,1,0,,N,,2025-05-16,오유경(yuyu66),2025년,05월,,
,기후변화매개체감시거점센터,모기 권역,2025.0,5,20,2025-05-14,강원,삼천동,도심,BGT1,Ochlerotatus koreicus,5,1.0,5.0,5,1,0,,N,,2025-05-16,오유경(yuyu66),2025년,05월,,
,기후변화매개체감시거점센터,모기 권역,2025.0,5,20,2025-05-14,강원,종가오리,철새도래지,LED1,미채집,0,1.0,0.0,0,0,0,,N,,2025-05-16,오유경(yuyu66),2025년,05월,,
,기후변화매개체감시거점센터,모기 권역,2025.0,5,20,2025-05-14,강원,주택,철새도래지,LED2,Culex pipiens,3,1.0,3.0,3,1,0,,N,,2025-05-16,오유경(yuyu66),2025년,05월,,
,기후변화매개체감시거점센터,모기 권역,2025.0,5,20,2025-05-14,강원,춘천시보건소,도심,LED1,Culex pipiens,22,1.0,5.0,5,1,0,"17, 24, 70.83 %",N,,2025-05-16,오유경(yuyu66),2025년,05월,,
,기후변화매개체감시거점센터,모기 권역,2025.0,5,20,2025-05-14,강원,퇴계동주민센터,도심,LED2,Culex pipiens,3,1.0,3.0,3,1,0,,N,,2025-05-16,오유경(yuyu66),2025년,05월,,
,기후변화매개체감시거점센터,모기 권역,2025.0,5,21,2025-05-21,강원,춘천시보건소,도심,DMS1,Culex pipiens,5,2.0,2.0,5,1,0,"8, 25, 32.00 %",N,,2025-05-23,오유경(yuyu66),2025년,05월,,
,기후변화매개체감시거점센터,모기 권역,2025.0,5,21,2025-05-21,강원,춘천시보건소,도심,DMS1,Ochlerotatus koreicus,3,2.0,1.0,3,1,0,"8, 25, 32.00 %",N,,2025-05-23,오유경(yuyu66),2025년,05월,,
,기후변화매개체감시거점센터,모기 권역,2025.0,5,22,2025-05-28,강원,춘천시보건소,도심,DMS1,Aedes albopictus,1,2.0,0.0,1,1,0,"15, 50, 30.00 %",N,,2025-05-30,오유경(yuyu66),2025년,05월,,
,기후변화매개체감시거점센터,모기 권역,2025.0,5,22,2025-05-28,강원,춘천시보건소,도심,DMS1,Aedes vexans,2,2.0,1.0,2,1,0,"15, 50, 30.00 %",N,,2025-05-30,오유경(yuyu66),2025년,05월,,
,기후변화매개체감시거점센터,모기 권역,2025.0,5,22,2025-05-28,강원,춘천시보건소,도심,DMS1,Culex pipiens,10,2.0,5.0,10,1,0,"15, 50, 30.00 %",N,,2025-05-30,오유경(yuyu66),2025년,05월,,
,기후변화매개체감시거점센터,모기 권역,2025.0,5,22,2025-05-28,강원,춘천시보건소,도심,DMS1,Ochlerotatus koreicus,2,2.0,1.0,2,1,0,"15, 50, 30.00 %",N,,2025-05-30,오유경(yuyu66),2025년,05월,,
,기후변화매개체감시거점센터,모기 권역,2025.0,5,23,2025-06-04,강원,춘천시보건소,도심,DMS1,Aedes albopictus,6,2.0,3.0,6,1,0,"22, 47, 46.81 %",N,,2025-06-05,오유경(yuyu66),2025년,05월,,
,기후변화매개체감시거점센터,모기 권역,2025.0,5,23,2025-06-04,강원,춘천시보건소,도심,DMS1,Aedes vexans,1,2.0,0.0,1,1,0,"22, 47, 46.81 %",N,,2025-06-05,오유경(yuyu66),2025년,05월,,
,기후변화매개체감시거점센터,모기 권역,2025.0,5,23,2025-06-04,강원,춘천시보건소,도심,DMS1,Culex pipiens,14,2.0,7.0,14,1,0,"22, 47, 46.81 %",N,,2025-06-05,오유경(yuyu66),2025년,05월,,
,기후변화매개체감시거점센터,모기 권역,2025.0,5,23,2025-06-04,강원,춘천시보건소,도심,DMS1,Ochlerotatus koreicus,1,2.0,0.0,1,1,0,"22, 47, 46.81 %",N,,2025-06-05,오유경(yuyu66),2025년,05월,,
,기후변화매개체감시거점센터,모기 권역,2025.0,6,24,2025-06-11,강원,춘천시보건소,도심,DMS1,Aedes albopictus,8,2.0,4.0,8,1,0,"57, 89, 64.04 %",N,,2025-06-13,오유경(yuyu66),2025년,06월,,
,기후변화매개체감시거점센터,모기 권역,2025.0,6,24,2025-06-11,강원,춘천시보건소,도심,DMS1,Culex pipiens,48,2.0,24.0,48,2,0,"57, 89, 64.04 %",N,,2025-06-13,오유경(yuyu66),2025년,06월,,
,기후변화매개체감시거점센터,모기 권역,2025.0,6,24,2025-06-11,강원,춘천시보건소,도심,DMS1,Ochlerotatus koreicus,1,2.0,0.0,1,1,0,"57, 89, 64.04 %",N,,2025-06-13,오유경(yuyu66),2025년,06월,,
,기후변화매개체감시거점센터,모기 권역,2025.0,6,25,2025-06-18,강원,백로서식지,철새도래지,BGT1,Aedes albopictus,49,1.0,49.0,49,2,0,,N,,2025-06-19,오유경(yuyu66),2025년,06월,,
,기후변화매개체감시거점센터,모기 권역,2025.0,6,25,2025-06-18,강원,백로서식지,철새도래지,BGT1,Aedes vexans,2,1.0,2.0,2,1,0,,N,,2025-06-19,오유경(yuyu66),2025년,06월,,
,기후변화매개체감시거점센터,모기 권역,2025.0,6,25,2025-06-18,강원,백로서식지,철새도래지,BGT1,Armigeres subalbatus,7,1.0,7.0,7,1,0,,N,,2025-06-19,오유경(yuyu66),2025년,06월,,
,기후변화매개체감시거점센터,모기 권역,2025.0,6,25,2025-06-18,강원,백로서식지,철새도래지,BGT1,Ochlerotatus koreicus,80,1.0,80.0,80,3,0,,N,,2025-06-19,오유경(yuyu66),2025년,06월,,
,기후변화매개체감시거점센터,모기 권역,2025.0,6,25,2025-06-18,강원,백로서식지,철새도래지,BGT1,Tripteroides bambusa,1,1.0,1.0,1,1,0,,N,,2025-06-19,오유경(yuyu66),2025년,06월,,
,기후변화매개체감시거점센터,모기 권역,2025.0,6,25,2025-06-18,강원,삼천동,도심,BGT1,Aedes albopictus,32,1.0,32.0,32,2,0,,N,,2025-06-19,오유경(yuyu66),2025년,06월,,
,기후변화매개체감시거점센터,모기 권역,2025.0,6,25,2025-06-18,강원,삼천동,도심,BGT1,Culex pipiens,1,1.0,1.0,1,1,0,,N,,2025-06-19,오유경(yuyu66),2025년,06월,,
,기후변화매개체감시거점센터,모기 권역,2025.0,6,25,2025-06-18,강원,삼천동,도심,BGT1,Tripteroides bambusa,3,1.0,3.0,3,1,0,,N,,2025-06-19,오유경(yuyu66),2025년,06월,,
,기후변화매개체감시거점센터,모기 권역,2025.0,6,25,2025-06-18,강원,종가오리,철새도래지,LED1,Culex pipiens,1,1.0,1.0,1,1,0,,N,,2025-06-19,오유경(yuyu66),2025년,06월,,
,기후변화매개체감시거점센터,모기 권역,2025.0,6,25,2025-06-18,강원,종가오리,철새도래지,LED1,Ochlerotatus koreicus,4,1.0,4.0,4,1,0,,N,,2025-06-19,오유경(yuyu66),2025년,06월,,
,기후변화매개체감시거점센터,모기 권역,2025.0,6,25,2025-06-18,강원,주택,철새도래지,LED2,Aedes albopictus,4,1.0,4.0,4,1,0,,N,,2025-06-19,오유경(yuyu66),2025년,06월,,
,기후변화매개체감시거점센터,모기 권역,2025.0,6,25,2025-06-18,강원,주택,철새도래지,LED2,Culex pipiens,2,1.0,2.0,2,1,0,,N,,2025-06-19,오유경(yuyu66),2025년,06월,,
,기후변화매개체감시거점센터,모기 권역,2025.0,6,25,2025-06-18,강원,주택,철새도래지,LED2,Ochlerotatus koreicus,37,1.0,37.0,37,2,0,,N,,2025-06-19,오유경(yuyu66),2025년,06월,,
,기후변화매개체감시거점센터,모기 권역,2025.0,6,25,2025-06-18,강원,주택,철새도래지,LED2,Tripteroides bambusa,1,1.0,1.0,1,1,0,,N,,2025-06-19,오유경(yuyu66),2025년,06월,,
,기후변화매개체감시거점센터,모기 권역,2025.0,6,25,2025-06-18,강원,춘천시보건소,도심,LED1,Aedes albopictus,13,1.0,7.0,7,1,0,"135, 157, 85.99 %",N,,2025-06-19,오유경(yuyu66),2025년,06월,,
,기후변화매개체감시거점센터,모기 권역,2025.0,6,25,2025-06-18,강원,춘천시보건소,도심,LED1,Aedes vexans,5,1.0,2.0,2,1,0,"135, 157, 85.99 %",N,,2025-06-19,오유경(yuyu66),2025년,06월,,
,기후변화매개체감시거점센터,모기 권역,2025.0,6,25,2025-06-18,강원,춘천시보건소,도심,LED1,Culex pipiens,159,1.0,33.0,33,2,0,"135, 157, 85.99 %",N,,2025-06-19,오유경(yuyu66),2025년,06월,,
,기후변화매개체감시거점센터,모기 권역,2025.0,6,25,2025-06-18,강원,춘천시보건소,도심,LED1,Ochlerotatus koreicus,2,1.0,2.0,2,1,0,,N,,2025-06-19,오유경(yuyu66),2025년,06월,,
,기후변화매개체감시거점센터,모기 권역,2025.0,6,25,2025-06-18,강원,퇴계동주민센터,도심,LED2,Culex pipiens,6,1.0,6.0,6,1,0,,N,,2025-06-19,오유경(yuyu66),2025년,06월,,
,기후변화매개체감시거점센터,모기 권역,2025.0,6,25,2025-06-18,강원,퇴계동주민센터,도심,LED2,Ochlerotatus koreicus,2,1.0,2.0,2,1,0,,N,,2025-06-19,오유경(yuyu66),2025년,06월,,
,기후변화매개체감시거점센터,모기 권역,2025.0,6,26,2025-06-25,강원,춘천시보건소,도심,DMS1,Aedes albopictus,8,2.0,4.0,8,1,0,"101, 105, 96.19 %",N,,2025-06-27,오유경(yuyu66),2025년,06월,,
,기후변화매개체감시거점센터,모기 권역,2025.0,6,26,2025-06-25,강원,춘천시보건소,도심,DMS1,Culex pipiens,93,2.0,46.0,93,4,0,"101, 105, 96.19 %",N,,2025-06-27,오유경(yuyu66),2025년,06월,,
,기후변화매개체감시거점센터,모기 권역,2025.0,7,27,2025-07-02,강원,춘천시보건소,도심,DMS1,Aedes albopictus,1,2.0,0.0,1,1,0,"96, 107, 89.72 %",N,,2025-07-04,오유경(yuyu66),2025년,07월,,
,기후변화매개체감시거점센터,모기 권역,2025.0,7,27,2025-07-02,강원,춘천시보건소,도심,DMS1,Aedes vexans,4,2.0,2.0,4,1,0,"96, 107, 89.72 %",N,,2025-07-04,오유경(yuyu66),2025년,07월,,
,기후변화매개체감시거점센터,모기 권역,2025.0,7,27,2025-07-02,강원,춘천시보건소,도심,DMS1,Anopheles spp.,1,2.0,0.0,0,0,0,"96, 107, 89.72 %",N,,2025-07-07,오유경(yuyu66),2025년,07월,,
,기후변화매개체감시거점센터,모기 권역,2025.0,7,27,2025-07-02,강원,춘천시보건소,도심,DMS1,Culex pipiens,82,2.0,41.0,82,3,0,"96, 107, 89.72 %",N,,2025-07-04,오유경(yuyu66),2025년,07월,,
,기후변화매개체감시거점센터,모기 권역,2025.0,7,27,2025-07-02,강원,춘천시보건소,도심,DMS1,Ochlerotatus koreicus,8,2.0,4.0,8,1,0,"96, 107, 89.72 %",N,,2025-07-04,오유경(yuyu66),2025년,07월,,
,기후변화매개체감시거점센터,모기 권역,2025.0,7,28,2025-07-09,강원,춘천시보건소,도심,DMS1,Aedes albopictus,3,2.0,1.0,3,1,0,"177, 114, 155.26 %",N,,2025-07-11,오유경(yuyu66),2025년,07월,,
,기후변화매개체감시거점센터,모기 권역,2025.0,7,28,2025-07-09,강원,춘천시보건소,도심,DMS1,Culex pipiens,168,2.0,84.0,168,6,0,"177, 114, 155.26 %",N,,2025-07-11,오유경(yuyu66),2025년,07월,,
,기후변화매개체감시거점센터,모기 권역,2025.0,7,28,2025-07-09,강원,춘천시보건소,도심,DMS1,Ochlerotatus koreicus,6,2.0,3.0,6,1,0,"177, 114, 155.26 %",N,,2025-07-11,오유경(yuyu66),2025년,07월,,
,기후변화매개체감시거점센터,모기 권역,2025.0,7,29,2025-07-15,강원,백로서식지,철새도래지,BGT1,Aedes albopictus,4,1.0,4.0,4,1,0,,N,,2025-07-18,오유경(yuyu66),2025년,07월,,
,기후변화매개체감시거점센터,모기 권역,2025.0,7,29,2025-07-15,강원,백로서식지,철새도래지,BGT1,Aedes vexans,1,1.0,1.0,1,1,0,,N,,2025-07-18,오유경(yuyu66),2025년,07월,,
,기후변화매개체감시거점센터,모기 권역,2025.0,7,29,2025-07-15,강원,백로서식지,철새도래지,BGT1,Armigeres subalbatus,3,1.0,3.0,3,1,0,,N,,2025-07-18,오유경(yuyu66),2025년,07월,,
,기후변화매개체감시거점센터,모기 권역,2025.0,7,29,2025-07-15,강원,백로서식지,철새도래지,BGT1,Culex pipiens,2,1.0,2.0,2,1,0,,N,,2025-07-18,오유경(yuyu66),2025년,07월,,
,기후변화매개체감시거점센터,모기 권역,2025.0,7,29,2025-07-15,강원,백로서식지,철새도래지,BGT1,Ochlerotatus koreicus,11,1.0,11.0,11,1,0,,N,,2025-07-18,오유경(yuyu66),2025년,07월,,
,기후변화매개체감시거점센터,모기 권역,2025.0,7,29,2025-07-15,강원,백로서식지,철새도래지,BGT1,Tripteroides bambusa,1,1.0,1.0,1,1,0,,N,,2025-07-18,오유경(yuyu66),2025년,07월,,
,기후변화매개체감시거점센터,모기 권역,2025.0,7,29,2025-07-15,강원,삼천동,도심,BGT1,Aedes albopictus,8,1.0,8.0,8,1,0,,N,,2025-07-18,오유경(yuyu66),2025년,07월,,
,기후변화매개체감시거점센터,모기 권역,2025.0,7,29,2025-07-15,강원,삼천동,도심,BGT1,Aedes vexans,1,1.0,1.0,1,1,0,,N,,2025-07-18,오유경(yuyu66),2025년,07월,,
,기후변화매개체감시거점센터,모기 권역,2025.0,7,29,2025-07-15,강원,삼천동,도심,BGT1,Armigeres subalbatus,1,1.0,1.0,1,1,0,,N,,2025-07-18,오유경(yuyu66),2025년,07월,,
,기후변화매개체감시거점센터,모기 권역,2025.0,7,29,2025-07-15,강원,삼천동,도심,BGT1,Culex pipiens,14,1.0,14.0,14,1,0,,N,,2025-07-18,오유경(yuyu66),2025년,07월,,
,기후변화매개체감시거점센터,모기 권역,2025.0,7,29,2025-07-15,강원,삼천동,도심,BGT1,Tripteroides bambusa,1,1.0,1.0,1,1,0,,N,,2025-07-18,오유경(yuyu66),2025년,07월,,
,기후변화매개체감시거점센터,모기 권역,2025.0,7,29,2025-07-15,강원,종가오리,철새도래지,LED1,Anopheles spp.,1,1.0,1.0,0,0,0,,N,,2025-07-18,오유경(yuyu66),2025년,07월,,
,기후변화매개체감시거점센터,모기 권역,2025.0,7,29,2025-07-15,강원,종가오리,철새도래지,LED1,Armigeres subalbatus,1,1.0,1.0,1,1,0,,N,,2025-07-18,오유경(yuyu66),2025년,07월,,
,기후변화매개체감시거점센터,모기 권역,2025.0,7,29,2025-07-15,강원,종가오리,철새도래지,LED1,Ochlerotatus koreicus,4,1.0,4.0,4,1,0,,N,,2025-07-18,오유경(yuyu66),2025년,07월,,
,기후변화매개체감시거점센터,모기 권역,2025.0,7,29,2025-07-15,강원,주택,철새도래지,LED2,Aedes albopictus,9,1.0,9.0,9,1,0,,N,,2025-07-18,오유경(yuyu66),2025년,07월,,
,기후변화매개체감시거점센터,모기 권역,2025.0,7,29,2025-07-15,강원,주택,철새도래지,LED2,Culex orientalis,1,1.0,1.0,1,1,0,,N,,2025-07-18,오유경(yuyu66),2025년,07월,,
,기후변화매개체감시거점센터,모기 권역,2025.0,7,29,2025-07-15,강원,주택,철새도래지,LED2,Ochlerotatus koreicus,25,1.0,25.0,25,1,0,,N,,2025-07-18,오유경(yuyu66),2025년,07월,,
,기후변화매개체감시거점센터,모기 권역,2025.0,7,29,2025-07-16,강원,춘천시보건소,도심,DMS1,Aedes albopictus,4,2.0,2.0,4,1,0,"67, 84, 79.76 %",N,,2025-07-17,오유경(yuyu66),2025년,07월,,
,기후변화매개체감시거점센터,모기 권역,2025.0,7,29,2025-07-16,강원,춘천시보건소,도심,DMS1,Aedes vexans,2,2.0,1.0,2,1,0,"67, 84, 79.76 %",N,,2025-07-17,오유경(yuyu66),2025년,07월,,
,기후변화매개체감시거점센터,모기 권역,2025.0,7,29,2025-07-16,강원,춘천시보건소,도심,DMS1,Anopheles spp.,1,1.0,1.0,0,0,0,"67, 84, 79.76 %",N,,2025-07-17,오유경(yuyu66),2025년,07월,,
,기후변화매개체감시거점센터,모기 권역,2025.0,7,29,2025-07-15,강원,춘천시보건소,도심,LED1,Culex pipiens,84,1.0,24.0,24,1,0,"67, 84, 79.76 %",N,,2025-07-18,오유경(yuyu66),2025년,07월,,
,기후변화매개체감시거점센터,모기 권역,2025.0,7,29,2025-07-15,강원,춘천시보건소,도심,LED1,Ochlerotatus koreicus,3,1.0,3.0,3,1,0,,N,,2025-07-18,오유경(yuyu66),2025년,07월,,
,기후변화매개체감시거점센터,모기 권역,2025.0,7,29,2025-07-15,강원,퇴계동주민센터,도심,LED2,Aedes albopictus,1,1.0,1.0,1,1,0,,N,,2025-07-18,오유경(yuyu66),2025년,07월,,
,기후변화매개체감시거점센터,모기 권역,2025.0,7,29,2025-07-15,강원,퇴계동주민센터,도심,LED2,Aedes vexans,1,1.0,1.0,1,1,0,,N,,2025-07-18,오유경(yuyu66),2025년,07월,,
,기후변화매개체감시거점센터,모기 권역,2025.0,7,29,2025-07-15,강원,퇴계동주민센터,도심,LED2,Anopheles spp.,1,1.0,1.0,0,0,0,,N,,2025-07-18,오유경(yuyu66),2025년,07월,,
,기후변화매개체감시거점센터,모기 권역,2025.0,7,29,2025-07-15,강원,퇴계동주민센터,도심,LED2,Culex pipiens,15,1.0,15.0,15,1,0,,N,,2025-07-18,오유경(yuyu66),2025년,07월,,
,기후변화매개체감시거점센터,모기 권역,2025.0,7,30,2025-07-23,강원,춘천시보건소,도심,DMS1,Aedes albopictus,2,2.0,1.0,2,1,0,"36, 38, 94.74 %",N,,2025-07-25,오유경(yuyu66),2025년,07월,,
,기후변화매개체감시거점센터,모기 권역,2025.0,7,30,2025-07-23,강원,춘천시보건소,도심,DMS1,Culex pipiens,33,2.0,16.0,33,2,0,"36, 38, 94.74 %",N,,2025-07-25,오유경(yuyu66),2025년,07월,,
,기후변화매개체감시거점센터,모기 권역,2025.0,7,30,2025-07-23,강원,춘천시보건소,도심,DMS1,Ochlerotatus koreicus,1,2.0,0.0,1,1,0,"36, 38, 94.74 %",N,,2025-07-25,오유경(yuyu66),2025년,07월,,
,기후변화매개체감시거점센터,모기 권역,2025.0,7,31,2025-07-30,강원,춘천시보건소,도심,DMS1,Aedes albopictus,2,2.0,1.0,2,1,0,"65, 70, 92.86 %",N,,2025-08-01,오유경(yuyu66),2025년,07월,,
,기후변화매개체감시거점센터,모기 권역,2025.0,7,31,2025-07-30,강원,춘천시보건소,도심,DMS1,Armigeres subalbatus,1,2.0,0.0,1,1,0,"65, 70, 92.86 %",N,,2025-08-01,오유경(yuyu66),2025년,07월,,
,기후변화매개체감시거점센터,모기 권역,2025.0,7,31,2025-07-30,강원,춘천시보건소,도심,DMS1,Culex pipiens,62,2.0,31.0,62,3,0,"65, 70, 92.86 %",N,,2025-08-01,오유경(yuyu66),2025년,07월,,
,기후변화매개체감시거점센터,모기 권역,2025.0,8,32,2025-08-06,강원,춘천시보건소,도심,DMS1,Aedes albopictus,4,2.0,2.0,4,1,0,"108, 102, 105.88 %",N,,2025-08-08,오유경(yuyu66),2025년,08월,,
,기후변화매개체감시거점센터,모기 권역,2025.0,8,32,2025-08-06,강원,춘천시보건소,도심,DMS1,Anopheles spp.,1,1.0,1.0,0,0,0,"108, 102, 105.88 %",N,,2025-08-08,오유경(yuyu66),2025년,08월,,
,기후변화매개체감시거점센터,모기 권역,2025.0,8,32,2025-08-06,강원,춘천시보건소,도심,DMS1,Armigeres subalbatus,2,2.0,1.0,2,1,0,"108, 102, 105.88 %",N,,2025-08-08,오유경(yuyu66),2025년,08월,,
,기후변화매개체감시거점센터,모기 권역,2025.0,8,32,2025-08-06,강원,춘천시보건소,도심,DMS1,Culex pipiens,99,2.0,49.0,99,4,0,"108, 102, 105.88 %",N,,2025-08-08,오유경(yuyu66),2025년,08월,,
,기후변화매개체감시거점센터,모기 권역,2025.0,8,32,2025-08-06,강원,춘천시보건소,도심,DMS1,Ochlerotatus koreicus,2,2.0,1.0,2,1,0,"108, 102, 105.88 %",N,,2025-08-08,오유경(yuyu66),2025년,08월,,
,기후변화매개체감시거점센터,모기 권역,2025.0,8,33,2025-08-13,강원,춘천시보건소,도심,DMS1,Aedes albopictus,4,2.0,2.0,4,1,0,"48, 65, 73.85 %",N,,2025-08-14,오유경(yuyu66),2025년,08월,,
,기후변화매개체감시거점센터,모기 권역,2025.0,8,33,2025-08-13,강원,춘천시보건소,도심,DMS1,Culex pipiens,44,2.0,22.0,44,2,0,"48, 65, 73.85 %",N,,2025-08-14,오유경(yuyu66),2025년,08월,,
,기후변화매개체감시거점센터,모기 권역,2025.0,8,34,2025-08-20,강원,백로서식지,철새도래지,BGT1,Aedes albopictus,37,1.0,37.0,37,2,0,,N,,2025-08-22,오유경(yuyu66),2025년,08월,,
,기후변화매개체감시거점센터,모기 권역,2025.0,8,34,2025-08-20,강원,백로서식지,철새도래지,BGT1,Aedes vexans,1,1.0,1.0,1,1,0,,N,,2025-08-22,오유경(yuyu66),2025년,08월,,
,기후변화매개체감시거점센터,모기 권역,2025.0,8,34,2025-08-20,강원,백로서식지,철새도래지,BGT1,Armigeres subalbatus,49,1.0,49.0,49,2,0,,N,,2025-08-22,오유경(yuyu66),2025년,08월,,
,기후변화매개체감시거점센터,모기 권역,2025.0,8,34,2025-08-20,강원,백로서식지,철새도래지,BGT1,Culex pipiens,4,1.0,4.0,4,1,0,,N,,2025-08-22,오유경(yuyu66),2025년,08월,,
,기후변화매개체감시거점센터,모기 권역,2025.0,8,34,2025-08-20,강원,백로서식지,철새도래지,BGT1,Ochlerotatus koreicus,9,1.0,9.0,9,1,0,,N,,2025-08-22,오유경(yuyu66),2025년,08월,,
,기후변화매개체감시거점센터,모기 권역,2025.0,8,34,2025-08-20,강원,삼천동,도심,BGT1,Aedes albopictus,17,1.0,17.0,17,1,0,,N,,2025-08-22,오유경(yuyu66),2025년,08월,,
,기후변화매개체감시거점센터,모기 권역,2025.0,8,34,2025-08-20,강원,삼천동,도심,BGT1,Armigeres subalbatus,4,1.0,4.0,4,1,0,,N,,2025-08-22,오유경(yuyu66),2025년,08월,,
,기후변화매개체감시거점센터,모기 권역,2025.0,8,34,2025-08-20,강원,삼천동,도심,BGT1,Culex pipiens,1,1.0,1.0,1,1,0,,N,,2025-08-22,오유경(yuyu66),2025년,08월,,
,기후변화매개체감시거점센터,모기 권역,2025.0,8,34,2025-08-20,강원,종가오리,철새도래지,LED1,Anopheles spp.,2,1.0,2.0,0,0,0,,N,,2025-08-22,오유경(yuyu66),2025년,08월,,
,기후변화매개체감시거점센터,모기 권역,2025.0,8,34,2025-08-20,강원,종가오리,철새도래지,LED1,Ochlerotatus koreicus,1,1.0,1.0,1,1,0,,N,,2025-08-22,오유경(yuyu66),2025년,08월,,
,기후변화매개체감시거점센터,모기 권역,2025.0,8,34,2025-08-20,강원,주택,철새도래지,LED2,Aedes albopictus,19,1.0,19.0,19,1,0,,N,,2025-08-22,오유경(yuyu66),2025년,08월,,
,기후변화매개체감시거점센터,모기 권역,2025.0,8,34,2025-08-20,강원,주택,철새도래지,LED2,Aedes vexans,1,1.0,1.0,1,1,0,,N,,2025-08-22,오유경(yuyu66),2025년,08월,,
,기후변화매개체감시거점센터,모기 권역,2025.0,8,34,2025-08-20,강원,주택,철새도래지,LED2,Anopheles spp.,1,1.0,1.0,0,0,0,,N,,2025-08-22,오유경(yuyu66),2025년,08월,,
,기후변화매개체감시거점센터,모기 권역,2025.0,8,34,2025-08-20,강원,주택,철새도래지,LED2,Armigeres subalbatus,5,1.0,5.0,5,1,0,,N,,2025-08-22,오유경(yuyu66),2025년,08월,,
,기후변화매개체감시거점센터,모기 권역,2025.0,8,34,2025-08-20,강원,주택,철새도래지,LED2,Culex pipiens,4,1.0,4.0,4,1,0,,N,,2025-08-22,오유경(yuyu66),2025년,08월,,
,기후변화매개체감시거점센터,모기 권역,2025.0,8,34,2025-08-20,강원,주택,철새도래지,LED2,Ochlerotatus koreicus,21,1.0,21.0,21,1,0,,N,,2025-08-22,오유경(yuyu66),2025년,08월,,
,기후변화매개체감시거점센터,모기 권역,2025.0,8,34,2025-08-20,강원,춘천시보건소,도심,LED1,Aedes albopictus,8,1.0,4.0,4,1,0,"34, 45, 75.56 %",N,,2025-08-22,오유경(yuyu66),2025년,08월,,
,기후변화매개체감시거점센터,모기 권역,2025.0,8,34,2025-08-20,강원,춘천시보건소,도심,LED1,Aedes vexans,3,1.0,2.0,2,1,0,"34, 45, 75.56 %",N,,2025-08-22,오유경(yuyu66),2025년,08월,,
,기후변화매개체감시거점센터,모기 권역,2025.0,8,34,2025-08-20,강원,춘천시보건소,도심,LED1,Armigeres subalbatus,4,1.0,4.0,4,1,0,,N,,2025-08-22,오유경(yuyu66),2025년,08월,,
,기후변화매개체감시거점센터,모기 권역,2025.0,8,34,2025-08-20,강원,춘천시보건소,도심,LED1,Culex orientalis,1,1.0,1.0,1,1,0,,N,,2025-08-22,오유경(yuyu66),2025년,08월,,
,기후변화매개체감시거점센터,모기 권역,2025.0,8,34,2025-08-20,강원,춘천시보건소,도심,LED1,Culex pipiens,38,1.0,9.0,9,1,0,"34, 45, 75.56 %",N,,2025-08-22,오유경(yuyu66),2025년,08월,,
,기후변화매개체감시거점센터,모기 권역,2025.0,8,34,2025-08-20,강원,퇴계동주민센터,도심,LED2,Aedes vexans,1,1.0,1.0,1,1,0,,N,,2025-08-22,오유경(yuyu66),2025년,08월,,
,기후변화매개체감시거점센터,모기 권역,2025.0,8,34,2025-08-20,강원,퇴계동주민센터,도심,LED2,Anopheles spp.,1,1.0,1.0,0,0,0,,N,,2025-08-22,오유경(yuyu66),2025년,08월,,
,기후변화매개체감시거점센터,모기 권역,2025.0,8,34,2025-08-20,강원,퇴계동주민센터,도심,LED2,Culex pipiens,4,1.0,4.0,4,1,0,,N,,2025-08-22,오유경(yuyu66),2025년,08월,,
,기후변화매개체감시거점센터,모기 권역,2025.0,8,35,2025-08-27,강원,춘천시보건소,도심,DMS1,Aedes albopictus,9,2.0,4.0,9,1,0,"43, 72, 59.72 %",N,,2025-08-29,오유경(yuyu66),2025년,08월,,
,기후변화매개체감시거점센터,모기 권역,2025.0,8,35,2025-08-27,강원,춘천시보건소,도심,DMS1,Culex pipiens,34,2.0,17.0,34,2,0,"43, 72, 59.72 %",N,,2025-08-29,오유경(yuyu66),2025년,08월,,
,기후변화매개체감시거점센터,모기 권역,2025.0,9,36,2025-09-03,강원,춘천시보건소,도심,DMS1,Aedes albopictus,1,2.0,0.0,1,1,0,"29, 39, 74.36 %",N,,2025-09-05,오유경(yuyu66),2025년,09월,,
,기후변화매개체감시거점센터,모기 권역,2025.0,9,36,2025-09-03,강원,춘천시보건소,도심,DMS1,Aedes vexans,2,2.0,1.0,2,1,0,"29, 39, 74.36 %",N,,2025-09-05,오유경(yuyu66),2025년,09월,,
,기후변화매개체감시거점센터,모기 권역,2025.0,9,36,2025-09-03,강원,춘천시보건소,도심,DMS1,Anopheles spp.,1,2.0,0.0,0,0,0,"29, 39, 74.36 %",N,,2025-09-05,오유경(yuyu66),2025년,09월,,
,기후변화매개체감시거점센터,모기 권역,2025.0,9,36,2025-09-03,강원,춘천시보건소,도심,DMS1,Culex pipiens,25,2.0,12.0,25,1,0,"29, 39, 74.36 %",N,,2025-09-05,오유경(yuyu66),2025년,09월,,
,기후변화매개체감시거점센터,모기 권역,2025.0,9,37,2025-09-10,강원,춘천시보건소,도심,DMS1,Aedes albopictus,1,2.0,0.0,1,1,0,"22, 44, 50.00 %",N,,2025-09-15,오유경(yuyu66),2025년,09월,,
,기후변화매개체감시거점센터,모기 권역,2025.0,9,37,2025-09-10,강원,춘천시보건소,도심,DMS1,Aedes vexans,1,2.0,0.0,1,1,0,"22, 44, 50.00 %",N,,2025-09-15,오유경(yuyu66),2025년,09월,,
,기후변화매개체감시거점센터,모기 권역,2025.0,9,37,2025-09-10,강원,춘천시보건소,도심,DMS1,Culex pipiens,20,2.0,10.0,20,1,0,"22, 44, 50.00 %",N,,2025-09-15,오유경(yuyu66),2025년,09월,,
,기후변화매개체감시거점센터,모기 권역,2025.0,9,38,2025-09-16,강원,백로서식지,철새도래지,BGT1,Aedes albopictus,46,1.0,46.0,46,2,0,,N,,2025-09-19,오유경(yuyu66),2025년,09월,,
,기후변화매개체감시거점센터,모기 권역,2025.0,9,38,2025-09-16,강원,백로서식지,철새도래지,BGT1,Armigeres subalbatus,26,1.0,26.0,26,1,0,,N,,2025-09-19,오유경(yuyu66),2025년,09월,,
,기후변화매개체감시거점센터,모기 권역,2025.0,9,38,2025-09-16,강원,백로서식지,철새도래지,BGT1,Ochlerotatus koreicus,10,1.0,10.0,10,1,0,,N,,2025-09-19,오유경(yuyu66),2025년,09월,,
,기후변화매개체감시거점센터,모기 권역,2025.0,9,38,2025-09-16,강원,백로서식지,철새도래지,BGT1,Tripteroides bambusa,5,1.0,5.0,5,1,0,,N,,2025-09-19,오유경(yuyu66),2025년,09월,,
,기후변화매개체감시거점센터,모기 권역,2025.0,9,38,2025-09-16,강원,삼천동,도심,BGT1,Aedes albopictus,21,1.0,21.0,21,1,0,,N,,2025-09-19,오유경(yuyu66),2025년,09월,,
,기후변화매개체감시거점센터,모기 권역,2025.0,9,38,2025-09-16,강원,삼천동,도심,BGT1,Aedes vexans,12,1.0,12.0,12,1,0,,N,,2025-09-19,오유경(yuyu66),2025년,09월,,
,기후변화매개체감시거점센터,모기 권역,2025.0,9,38,2025-09-16,강원,삼천동,도심,BGT1,Armigeres subalbatus,2,1.0,2.0,2,1,0,,N,,2025-09-19,오유경(yuyu66),2025년,09월,,
,기후변화매개체감시거점센터,모기 권역,2025.0,9,38,2025-09-16,강원,삼천동,도심,BGT1,Culex bitaeniorhynchus,1,1.0,1.0,1,1,0,,N,,2025-09-19,오유경(yuyu66),2025년,09월,,
,기후변화매개체감시거점센터,모기 권역,2025.0,9,38,2025-09-16,강원,삼천동,도심,BGT1,Culex pipiens,6,1.0,6.0,6,1,0,,N,,2025-09-19,오유경(yuyu66),2025년,09월,,
,기후변화매개체감시거점센터,모기 권역,2025.0,9,38,2025-09-16,강원,삼천동,도심,BGT1,Tripteroides bambusa,4,1.0,4.0,4,1,0,,N,,2025-09-19,오유경(yuyu66),2025년,09월,,
,기후변화매개체감시거점센터,모기 권역,2025.0,9,38,2025-09-16,강원,종가오리,철새도래지,LED1,Aedes albopictus,1,1.0,1.0,1,1,0,,N,,2025-09-19,오유경(yuyu66),2025년,09월,,
,기후변화매개체감시거점센터,모기 권역,2025.0,9,38,2025-09-16,강원,주택,철새도래지,LED2,Aedes albopictus,11,1.0,11.0,11,1,0,,N,,2025-09-19,오유경(yuyu66),2025년,09월,,
,기후변화매개체감시거점센터,모기 권역,2025.0,9,38,2025-09-16,강원,주택,철새도래지,LED2,Aedes vexans,1,1.0,1.0,1,1,0,,N,,2025-09-19,오유경(yuyu66),2025년,09월,,
,기후변화매개체감시거점센터,모기 권역,2025.0,9,38,2025-09-16,강원,주택,철새도래지,LED2,Anopheles spp.,1,1.0,1.0,0,0,0,,N,,2025-09-19,오유경(yuyu66),2025년,09월,,
,기후변화매개체감시거점센터,모기 권역,2025.0,9,38,2025-09-16,강원,주택,철새도래지,LED2,Armigeres subalbatus,5,1.0,5.0,5,1,0,,N,,2025-09-19,오유경(yuyu66),2025년,09월,,
,기후변화매개체감시거점센터,모기 권역,2025.0,9,38,2025-09-16,강원,주택,철새도래지,LED2,Ochlerotatus koreicus,1,1.0,1.0,1,1,0,,N,,2025-09-19,오유경(yuyu66),2025년,09월,,
,기후변화매개체감시거점센터,모기 권역,2025.0,9,38,2025-09-16,강원,춘천시보건소,도심,LED1,Aedes albopictus,1,1.0,1.0,1,1,0,,N,,2025-09-19,오유경(yuyu66),2025년,09월,,
,기후변화매개체감시거점센터,모기 권역,2025.0,9,38,2025-09-16,강원,춘천시보건소,도심,LED1,Aedes vexans,1,1.0,1.0,1,1,0,,N,,2025-09-19,오유경(yuyu66),2025년,09월,,
,기후변화매개체감시거점센터,모기 권역,2025.0,9,38,2025-09-16,강원,춘천시보건소,도심,LED1,Anopheles spp.,2,1.0,2.0,0,0,0,,N,,2025-09-19,오유경(yuyu66),2025년,09월,,
,기후변화매개체감시거점센터,모기 권역,2025.0,9,38,2025-09-17,강원,춘천시보건소,도심,DMS1,Armigeres subalbatus,1,2.0,0.0,1,1,0,"21, 24, 87.50 %",N,,2025-09-19,오유경(yuyu66),2025년,09월,,
,기후변화매개체감시거점센터,모기 권역,2025.0,9,38,2025-09-16,강원,춘천시보건소,도심,LED1,Culex pipiens,31,1.0,12.0,12,1,0,"21, 24, 87.50 %",N,,2025-09-19,오유경(yuyu66),2025년,09월,,
,기후변화매개체감시거점센터,모기 권역,2025.0,9,38,2025-09-17,강원,춘천시보건소,도심,DMS1,Culex tritaeniorhynchus,1,2.0,0.0,1,1,0,"21, 24, 87.50 %",N,,2025-09-19,오유경(yuyu66),2025년,09월,,
,기후변화매개체감시거점센터,모기 권역,2025.0,9,38,2025-09-16,강원,퇴계동주민센터,도심,LED2,Aedes vexans,1,1.0,1.0,1,1,0,,N,,2025-09-19,오유경(yuyu66),2025년,09월,,
,기후변화매개체감시거점센터,모기 권역,2025.0,9,38,2025-09-16,강원,퇴계동주민센터,도심,LED2,Anopheles spp.,1,1.0,1.0,0,0,0,,N,,2025-09-19,오유경(yuyu66),2025년,09월,,
,기후변화매개체감시거점센터,모기 권역,2025.0,9,38,2025-09-16,강원,퇴계동주민센터,도심,LED2,Culex pipiens,14,1.0,14.0,14,1,0,,N,,2025-09-19,오유경(yuyu66),2025년,09월,,
,기후변화매개체감시거점센터,모기 권역,2025.0,9,39,2025-09-24,강원,춘천시보건소,도심,DMS1,Culex pipiens,33,2.0,16.0,33,2,0,"35, 20, 175.00 %",N,,2025-09-26,오유경(yuyu66),2025년,09월,,
,기후변화매개체감시거점센터,모기 권역,2025.0,9,39,2025-09-24,강원,춘천시보건소,도심,DMS1,Ochlerotatus koreicus,2,2.0,1.0,2,1,0,"35, 20, 175.00 %",N,,2025-09-26,오유경(yuyu66),2025년,09월,,
,기후변화매개체감시거점센터,모기 권역,2025.0,10,40,2025-10-01,강원,춘천시보건소,도심,DMS1,Aedes albopictus,2,2.0,1.0,2,1,0,"10, 14, 71.43 %",N,,2025-10-28,오유경(yuyu66),2025년,10월,,
,기후변화매개체감시거점센터,모기 권역,2025.0,10,40,2025-10-01,강원,춘천시보건소,도심,DMS1,Culex pipiens,8,2.0,4.0,8,1,0,"10, 14, 71.43 %",N,,2025-10-28,오유경(yuyu66),2025년,10월,,
,기후변화매개체감시거점센터,모기 권역,2025.0,10,42,2025-10-15,강원,백로서식지,철새도래지,BGT1,Aedes albopictus,6,1.0,6.0,6,1,0,,N,,2025-10-28,오유경(yuyu66),2025년,10월,,
,기후변화매개체감시거점센터,모기 권역,2025.0,10,42,2025-10-15,강원,백로서식지,철새도래지,BGT1,Armigeres subalbatus,22,1.0,22.0,22,1,0,,N,,2025-10-28,오유경(yuyu66),2025년,10월,,
,기후변화매개체감시거점센터,모기 권역,2025.0,10,42,2025-10-15,강원,백로서식지,철새도래지,BGT1,Ochlerotatus koreicus,7,1.0,7.0,7,1,0,,N,,2025-10-28,오유경(yuyu66),2025년,10월,,
,기후변화매개체감시거점센터,모기 권역,2025.0,10,42,2025-10-15,강원,백로서식지,철새도래지,BGT1,Tripteroides bambusa,1,1.0,1.0,1,1,0,,N,,2025-10-28,오유경(yuyu66),2025년,10월,,
,기후변화매개체감시거점센터,모기 권역,2025.0,10,42,2025-10-15,강원,삼천동,도심,BGT1,Aedes albopictus,5,1.0,5.0,5,1,0,,N,,2025-10-28,오유경(yuyu66),2025년,10월,,
,기후변화매개체감시거점센터,모기 권역,2025.0,10,42,2025-10-15,강원,삼천동,도심,BGT1,Armigeres subalbatus,5,1.0,5.0,5,1,0,,N,,2025-10-28,오유경(yuyu66),2025년,10월,,
,기후변화매개체감시거점센터,모기 권역,2025.0,10,42,2025-10-15,강원,종가오리,철새도래지,LED1,Aedes albopictus,1,1.0,1.0,1,1,0,,N,,2025-10-28,오유경(yuyu66),2025년,10월,,
,기후변화매개체감시거점센터,모기 권역,2025.0,10,42,2025-10-15,강원,종가오리,철새도래지,LED1,Ochlerotatus koreicus,1,1.0,1.0,1,1,0,,N,,2025-10-28,오유경(yuyu66),2025년,10월,,
,기후변화매개체감시거점센터,모기 권역,2025.0,10,42,2025-10-15,강원,주택,철새도래지,LED2,Aedes albopictus,1,1.0,1.0,1,1,0,,N,,2025-10-28,오유경(yuyu66),2025년,10월,,
,기후변화매개체감시거점센터,모기 권역,2025.0,10,42,2025-10-15,강원,주택,철새도래지,LED2,Ochlerotatus koreicus,10,1.0,10.0,10,1,0,,N,,2025-10-28,오유경(yuyu66),2025년,10월,,
,기후변화매개체감시거점센터,모기 권역,2025.0,10,42,2025-10-15,강원,춘천시보건소,도심,DMS1,Aedes albopictus,1,2.0,0.0,1,1,0,"9, 11, 81.82 %",N,,2025-10-28,오유경(yuyu66),2025년,10월,,
,기후변화매개체감시거점센터,모기 권역,2025.0,10,42,2025-10-15,강원,춘천시보건소,도심,LED1,Armigeres subalbatus,3,1.0,3.0,3,1,0,,N,,2025-10-28,오유경(yuyu66),2025년,10월,,
,기후변화매개체감시거점센터,모기 권역,2025.0,10,42,2025-10-15,강원,춘천시보건소,도심,LED1,Culex pipiens,17,1.0,9.0,9,1,0,"9, 11, 81.82 %",N,,2025-10-28,오유경(yuyu66),2025년,10월,,
,기후변화매개체감시거점센터,모기 권역,2025.0,10,42,2025-10-15,강원,춘천시보건소,도심,LED1,Ochlerotatus koreicus,3,1.0,3.0,3,1,0,,N,,2025-10-28,오유경(yuyu66),2025년,10월,,
,기후변화매개체감시거점센터,모기 권역,2025.0,10,42,2025-10-15,강원,퇴계동주민센터,도심,LED2,Aedes albopictus,3,1.0,3.0,3,1,0,,N,,2025-10-28,오유경(yuyu66),2025년,10월,,
,기후변화매개체감시거점센터,모기 권역,2025.0,10,42,2025-10-15,강원,퇴계동주민센터,도심,LED2,Culex pipiens,18,1.0,18.0,18,1,0,,N,,2025-10-28,오유경(yuyu66),2025년,10월,,
,기후변화매개체감시거점센터,모기 권역,2025.0,10,42,2025-10-15,강원,퇴계동주민센터,도심,LED2,Culex tritaeniorhynchus,2,1.0,2.0,2,1,0,,N,,2025-10-28,오유경(yuyu66),2025년,10월,,
,기후변화매개체감시거점센터,모기 권역,2025.0,10,42,2025-10-15,강원,퇴계동주민센터,도심,LED2,Ochlerotatus koreicus,2,1.0,2.0,2,1,0,,N,,2025-10-28,오유경(yuyu66),2025년,10월,,
,기후변화매개체감시거점센터,모기 권역,2025.0,10,43,2025-10-22,강원,춘천시보건소,도심,DMS1,Culex pipiens,4,2.0,2.0,4,1,0,"4, 8, 50.00 %",N,,2025-10-28,오유경(yuyu66),2025년,10월,,
,기후변화매개체감시거점센터,모기 권역,2025.0,10,44,2025-10-29,강원,춘천시보건소,도심,DMS1,미채집,0,2.0,0.0,0,0,0,"0, 2, 00.00 %",N,,2025-10-30,오유경(yuyu66),2025년,10월,,
,기후변화매개체감시거점센터,모기 권역,2026.0,3,14,2026-03-31,강원,백로서식지,철새도래지,BGT1,미채집,0,1.0,0.0,0,0,0,,N,,2026-04-03,오유경(yuyu66),2026년,03월,,
,기후변화매개체감시거점센터,모기 권역,2026.0,3,14,2026-03-31,강원,종가오리,철새도래지,LED1,미채집,0,1.0,0.0,0,0,0,,N,,2026-04-03,오유경(yuyu66),2026년,03월,,
,기후변화매개체감시거점센터,모기 권역,2026.0,3,14,2026-03-31,강원,주택,철새도래지,LED2,미채집,0,1.0,0.0,0,0,0,,N,,2026-04-03,오유경(yuyu66),2026년,03월,,
,기후변화매개체감시거점센터,모기 권역,2026.0,4,16,2026-04-14,강원,백로서식지,철새도래지,BGT1,Culex pipiens,1,1.0,1.0,1,1,0,,N,,2026-04-16,오유경(yuyu66),2026년,04월,,
,기후변화매개체감시거점센터,모기 권역,2026.0,4,16,2026-04-14,강원,종가오리,철새도래지,LED1,Culex orientalis,3,1.0,3.0,3,1,0,,N,,2026-04-16,오유경(yuyu66),2026년,04월,,
,기후변화매개체감시거점센터,모기 권역,2026.0,4,16,2026-04-14,강원,종가오리,철새도래지,LED1,Culex pipiens,3,1.0,3.0,3,1,0,,N,,2026-04-16,오유경(yuyu66),2026년,04월,,
,기후변화매개체감시거점센터,모기 권역,2026.0,4,16,2026-04-14,강원,주택,철새도래지,LED2,미채집,0,1.0,0.0,0,0,0,,N,,2026-04-16,오유경(yuyu66),2026년,04월,,
,기후변화매개체감시거점센터,모기 권역,2026.0,5,19,2026-05-07,강원,백로서식지,철새도래지,BGT1,Ochlerotatus koreicus,3,1.0,3.0,3,1,0,,N,,2026-05-08,오유경(yuyu66),2026년,05월,,
,기후변화매개체감시거점센터,모기 권역,2026.0,5,19,2026-05-07,강원,종가오리,철새도래지,LED1,Culex pipiens,8,1.0,8.0,8,1,0,,N,,2026-05-08,오유경(yuyu66),2026년,05월,,
,기후변화매개체감시거점센터,모기 권역,2026.0,5,19,2026-05-07,강원,주택,철새도래지,LED2,Culex pipiens,2,1.0,2.0,2,1,0,,N,,2026-05-08,오유경(yuyu66),2026년,05월,,
,기후변화매개체감시거점센터,모기 권역,2026.0,5,19,2026-05-06,강원,춘천시보건소,도심,DMS1,Culex pipiens,4,2.0,2.0,4,1,0,통신 장애로 개체수 집계 누락,N,,2026-05-08,오유경(yuyu66),2026년,05월,,
,기후변화매개체감시거점센터,모기 권역,2026.0,5,20,2026-05-13,강원,춘천시보건소,도심,DMS1,Culex pipiens,2,2.0,1.0,2,1,0,통신 장애로 개체수 집계 누락,N,,2026-05-14,오유경(yuyu66),2026년,05월,,
,기후변화매개체감시거점센터,모기 권역,2026.0,5,20,2026-05-13,강원,춘천시보건소,도심,DMS1,Ochlerotatus koreicus,1,2.0,0.0,1,1,0,통신 장애로 개체수 집계 누락,N,,2026-05-14,오유경(yuyu66),2026년,05월,,
,기후변화매개체감시거점센터,모기 권역,2026.0,5,21,2026-05-19,강원,백로서식지,철새도래지,BGT1,Aedes alboscutellatus,1,1.0,1.0,1,1,0,누락분으로 추가 입력,N,,2026-06-05,최연희(chldusgmlek),2026년,05월,,
,기후변화매개체감시거점센터,모기 권역,2026.0,5,21,2026-05-19,강원,백로서식지,철새도래지,BGT1,Armigeres subalbatus,1,1.0,1.0,1,1,0,,N,,2026-06-05,최연희(chldusgmlek),2026년,05월,,
,기후변화매개체감시거점센터,모기 권역,2026.0,5,21,2026-05-19,강원,백로서식지,철새도래지,BGT1,Culex pipiens,2,1.0,2.0,2,1,0,,N,,2026-05-22,오유경(yuyu66),2026년,05월,,
,기후변화매개체감시거점센터,모기 권역,2026.0,5,21,2026-05-19,강원,백로서식지,철새도래지,BGT1,Ochlerotatus koreicus,1,1.0,1.0,1,1,0,,N,,2026-05-22,오유경(yuyu66),2026년,05월,,
,기후변화매개체감시거점센터,모기 권역,2026.0,5,21,2026-05-19,강원,종가오리,철새도래지,LED1,Aedes vexans,1,1.0,1.0,1,1,0,,N,,2026-05-22,오유경(yuyu66),2026년,05월,,
,기후변화매개체감시거점센터,모기 권역,2026.0,5,21,2026-05-19,강원,종가오리,철새도래지,LED1,Culex pipiens,1,1.0,1.0,1,1,0,,N,,2026-05-22,오유경(yuyu66),2026년,05월,,
,기후변화매개체감시거점센터,모기 권역,2026.0,5,21,2026-05-19,강원,주택,철새도래지,LED2,Culex pipiens,1,1.0,1.0,1,1,0,,N,,2026-05-22,오유경(yuyu66),2026년,05월,,
,기후변화매개체감시거점센터,모기 권역,2026.0,5,21,2026-05-19,강원,주택,철새도래지,LED2,Ochlerotatus koreicus,1,1.0,1.0,1,1,0,,N,,2026-05-22,오유경(yuyu66),2026년,05월,,
,기후변화매개체감시거점센터,모기 권역,2026.0,5,21,2026-05-20,강원,춘천시보건소,도심,DMS1,Culex pipiens,20,2.0,10.0,20,1,0,"21, 43, 48.84 %",N,,2026-05-22,오유경(yuyu66),2026년,05월,,
,기후변화매개체감시거점센터,모기 권역,2026.0,5,21,2026-05-20,강원,춘천시보건소,도심,DMS1,Ochlerotatus koreicus,1,2.0,0.0,1,1,0,"21, 43, 48.84 %",N,,2026-05-22,오유경(yuyu66),2026년,05월,,
,기후변화매개체감시거점센터,모기 권역,2026.0,5,22,2026-05-28,강원,춘천시보건소,도심,DMS1,Aedes vexans,2,2.0,1.0,2,1,0,"26, 31, 83.87 %",N,,2026-05-28,오유경(yuyu66),2026년,05월,,
,기후변화매개체감시거점센터,모기 권역,2026.0,5,22,2026-05-28,강원,춘천시보건소,도심,DMS1,Culex pipiens,24,2.0,12.0,24,1,0,"26, 31, 83.87 %",N,,2026-05-28,오유경(yuyu66),2026년,05월,,
,기후변화매개체감시거점센터,모기 권역,2026.0,6,23,2026-06-02,강원,백로서식지,철새도래지,BGT1,Aedes alboscutellatus,3,1.0,3.0,3,1,0,,N,,2026-06-05,최연희(chldusgmlek),2026년,06월,,
,기후변화매개체감시거점센터,모기 권역,2026.0,6,23,2026-06-02,강원,백로서식지,철새도래지,BGT1,Armigeres subalbatus,1,1.0,1.0,1,1,0,,N,,2026-06-05,최연희(chldusgmlek),2026년,06월,,
,기후변화매개체감시거점센터,모기 권역,2026.0,6,23,2026-06-02,강원,백로서식지,철새도래지,BGT1,Ochlerotatus koreicus,1,1.0,1.0,1,1,0,,N,,2026-06-05,최연희(chldusgmlek),2026년,06월,,
,기후변화매개체감시거점센터,모기 권역,2026.0,6,23,2026-06-02,강원,종가오리,철새도래지,LED1,미채집,0,1.0,0.0,0,0,0,,N,,2026-06-05,최연희(chldusgmlek),2026년,06월,,
,기후변화매개체감시거점센터,모기 권역,2026.0,6,23,2026-06-02,강원,주택,철새도래지,LED2,미채집,0,1.0,0.0,0,0,0,,N,,2026-06-05,최연희(chldusgmlek),2026년,06월,,
,기후변화매개체감시거점센터,모기 권역,2026.0,6,23,2026-06-04,강원,춘천시보건소,도심,DMS1,Aedes alboscutellatus,1,2.0,0.0,1,1,0,"38, 38, 100 %",N,,2026-06-05,최연희(chldusgmlek),2026년,06월,,
,기후변화매개체감시거점센터,모기 권역,2026.0,6,23,2026-06-04,강원,춘천시보건소,도심,DMS1,Culex pipiens,37,2.0,18.0,37,2,0,"38, 38, 100 %",N,,2026-06-05,최연희(chldusgmlek),2026년,06월,,
